<?xml version="1.0" encoding="utf-8"?>
<!DOCTYPE article PUBLIC "-//NLM//DTD JATS (Z39.96) Journal Publishing DTD with MathML3 v1.1 20151215//EN" "http://jats.nlm.nih.gov/publishing/1.1/JATS-journalpublishing1-mathml3.dtd">
<article xmlns:xlink="http://www.w3.org/1999/xlink" dtd-version="1.1" article-type="research-article" xml:lang="eng">
<front>
<journal-meta>
<journal-id journal-id-type="CATS">ISE</journal-id>
<journal-id journal-id-type="eissn">1876-312X</journal-id>
<journal-title-group>
<journal-title>Insect Systematics &#x0026; Evolution</journal-title>
<journal-subtitle>An International Journal of Systematic Entomology</journal-subtitle>
<abbrev-journal-title abbrev-type="ltwa">Insect Syst. Evol.</abbrev-journal-title>
</journal-title-group>
<issn publication-format="print">1399-560X</issn>
<issn publication-format="online">1876-312X</issn>
<publisher>
<publisher-name>Brill</publisher-name>
<publisher-loc>Leiden</publisher-loc>
</publisher>
</journal-meta>
<article-meta>
<article-id pub-id-type="doi">10.1163/1876312X-bja10013</article-id>
<article-categories>
<subj-group subj-group-type="heading"><subject>Articles</subject></subj-group>
</article-categories>
<title-group>
<article-title>Systematic revision of the caddisfly genus <italic>Machairocentron</italic> Schmid (Trichoptera: Psychomyioidea: Xiphocentronidae)</article-title>
</title-group>
<contrib-group>
<contrib contrib-type="author"><name><surname>Vilarino</surname><given-names>Albane</given-names></name><xref ref-type="aff" rid="aff00001"/><xref ref-type="fn" rid="fn1">&#x002A;</xref></contrib>
<contrib contrib-type="author"><name><surname>Holzenthal</surname><given-names>Ralph W.</given-names></name><xref ref-type="aff" rid="aff00002"/></contrib>
<aff id="aff00001"><label>1</label>Faculdade de Filosofia, Ci&#x00EA;ncias e Letras de Ribeir&#x00E3;o Preto, <institution>Universidade de S&#x00E3;o Paulo</institution>, Av. dos Bandeirantes, 3900, CEP14040-901, Ribeir&#x00E3;o Preto, SP, <country>Brazil</country></aff>
<aff id="aff00002"><label>2</label>Department of Entomology, <institution>University of Minnesota</institution>, 1980 Folwell Ave., St. Paul, Minnesota 55108, <country>USA</country></aff>
</contrib-group>
<author-notes>
<fn id="fn1"><label>&#x002A;</label><p>Corresponding author, e-mail: <email>albanevilarino@gmail.com</email></p></fn>
</author-notes>
<pub-date date-type="article" publication-format="online"><day>06</day><month>08</month><year>2020</year></pub-date>
<pub-date date-type="issue" publication-format="online"><day>12</day><month>07</month><year>2021</year></pub-date>
<volume content-type="number">52</volume>
<volume content-type="year">2021</volume>
<issue>4</issue>
<fpage specific-use="PDF" seq="375">375</fpage>
<lpage>411</lpage>
<permissions>
<copyright-statement>&#x00A9; Koninklijke Brill NV, Leiden, 2020</copyright-statement>
<copyright-year>2020</copyright-year>
<copyright-holder>Koninklijke Brill NV incorporates the imprints Brill, Brill Nijhoff, Brill Hotei, Brill Sch&#x00F6;ningh, Brill Fink, Brill mentis, Vandenhoeck &#x0026; Ruprecht, B&#x00F6;hlau Verlag and V&#x0026;R Unipress.</copyright-holder>
</permissions>
<self-uri content-type="pdf" xlink:href="1876312X_052_04_s001_text.pdf"/>
<abstract><title>Abstract</title>
<p>The genus <italic>Machairocentron</italic> is revised and its included species, <italic>M. ascanius</italic> Schmid 1982, <italic>M. echinatum</italic> (Flint 1981), <italic>M. falciforme</italic> Pes &#x0026; Hamada 2013, <italic>M. lucumon</italic> Schmid 1982, <italic>M. tarpeia</italic> Schmid 1982, and <italic>M. teucrus</italic> Schmid 1982, are redescribed and illustrated based on type specimens. Two new species from Costa Rica, <italic>M. chorotegae</italic> <bold>sp. nov.</bold> and <italic>M. eugeniarguedasae</italic> <bold>sp. nov.</bold>, and one from Venezuela, <italic>M. kalinae</italic> <bold>sp. nov.</bold>, are described. An identification key for the <italic>Machairocentron</italic> genus is also provided.</p></abstract>
<kwd-group>
<title>Keywords</title>
<kwd>aquatic insects</kwd>
<kwd>biodiversity</kwd>
<kwd>caddisflies</kwd>
<kwd>Neotropical</kwd>
<kwd>taxonomy</kwd>
</kwd-group>
<custom-meta-group><custom-meta><meta-name>version</meta-name><meta-value>fulltext</meta-value></custom-meta></custom-meta-group>
</article-meta>
</front>
<body>
<p>ZooBank: <uri xlink:href="http://zoobank.org/F98FCFDD-1EEE-4BD3-9173-D830DB90182B">http://zoobank.org/F98FCFDD-1EEE-4BD3-9173-D830DB90182B</uri></p>
<sec id="S1" sec-type="heading-1"><title>Introduction</title>
<p>Xiphocentronidae Ross 1949 is a tube-dwelling caddisfly family comprising 183 species and seven genera. The family distribution is primarily tropical, with most of the known diversity in Southeast Asia and Mesoamerica, with some genera extending to Central Africa, the Middle East, and Japan. The New World Xiphocentronidae fauna comprises 65 species in three Neotropical taxa: <italic>Xiphocentron</italic> Brauer 1870, <italic>Machairocentron</italic> Schmid 1982, and the subgenus <italic>Cnodocentron</italic> (<italic>Caenocentron</italic>) Schmid 1982 (Holzenthal &#x0026; Calor 2017).</p>
<p>The family was established by Ross (1949), which included Neotropical and Oriental species within <italic>Xiphocentron</italic>. After the description of <italic>Xiphocentron</italic> larvae, the family was synonymized with the Psychomyiidae by Edwards (1981) due to a strong similarity between the larvae. Schmid (1982), in a worldwide revision, re-established the family status of Xiphocentronidae organizing it into two subfamilies: Proxipho centroninae Schmid 1982 and Xiphocentroninae. Proxiphocentroniae includes only the genus <italic>Proxiphocentron</italic> Schmid 1982. Xiphocentroninae Schmid 1982, includes six genera: <italic>Abaria</italic> Mosely 1948, <italic>Cnodocentron</italic> Schmid 1982, <italic>Drepanocentron</italic> Schmid 1982, <italic>Machairocentron</italic> Schmid 1982, <italic>Melanotrichia</italic> Ulmer 1906, and <italic>Xiphocentron</italic> Brauer 1870.</p>
<p>Schmid (1982) separated <italic>Machairocentron</italic> from <italic>Xiphocentron</italic> by the degree of elongation of the genital appendages and by the spinous projections present on the inferior appendage of <italic>Machairocentron</italic>. In his revision, Schmid described five of the six currently known species in <italic>Machairocentron</italic>: <italic>M. lucumon, M. tarpeia, M. teucrus, M. ascanius</italic>, and <italic>M. carmentis</italic>, (the latter a junior synonym of <italic>M. echinatum</italic> (Flint 1981)). Pes et al. (2013) described <italic>M. falciforme</italic>, a species from the Central Amazon of Brazil, and also described the pupa and the female; the larvae were morphologically indistinguishable from those of <italic>Xiphocentron</italic>.</p>
<p><italic>Machairocentron</italic> species (<xref ref-type="fig" rid="F1">Fig. 1</xref>) occur in Mexico, Mesoamerica, northern South America, and central Amazonia. The adults of <italic>Machairocentron</italic> are small (3-4 mm) and the wings are narrow and apically acute, with long setal fringes along the margins; some species have one or two white spots on the forewing. The adult habits and habitats are similar to those of other genera in the family, living mainly in the headwaters of streams, constructing long silken tubes usually outside of the water on rocks and logs in shaded humid areas near the stream banks (Sturm 1960; Flint 1968; Pes et al. 2013). Larvae scrape the substrate to obtain their food, feeding on microalgae and debris associated with the substrate surface (Pes et al. 2013; Wiggins 1996). Adults of <italic>Machairocentro</italic>n, as is typical of Xiphocentronidae, are rarely collected in large numbers with light traps and often are active during daylight (Flint 1968; Schmid 1982). Flight intercept malaise traps and active collection via sweep netting are more productive methods for collecting xiphocentronids than light trapping, as Schmid (1982) collected his specimens by sweeping a net along streamside vegetation during the day, and Pes et al. (2013) collected a large type series using flight intercept traps.</p>
<fig id="F1" position="float"><label>Figure 1.</label><caption><p>Distribution map: <italic>Machairocentron</italic> species</p></caption><graphic xlink:href="1876312X_052_04_s001_text-f0001.jpg"/></fig>
<p>In this work, we provide a revision of <italic>Machairocentron</italic> species, with a description of new species from Costa Rica and Venezuela. A key to males of <italic>Machairocentron</italic> is also provided.</p>
</sec>
<sec id="S2" sec-type="heading-1"><title>Material and methods</title>
<sec id="S3" sec-type="heading-2"><title>Morphological terminology</title>
<p>Terminology is modified from Schmid (1982) and Nielsen (1957) for male genitalia, and Nielsen (1980) for female genitalia. Schmid&#x2019;s segment X is treated here as a composite structure: a membranous tergum, and a pair of sclerotized intermediate appendages (paraproctal processes <italic>sensu</italic> Nielsen 1957), deducing its homology with comparison to <italic>Proxiphocentron</italic>, Psychomyiidae, Ecnomidae, and Polycentropodidae. The terminology for head setal warts is modified from Ol&#x00E1;h &#x0026; Johanson (2007). Terminology for wing venation follows the Comstock &#x2013; Needham system as interpreted for Trichoptera by Mosely &#x0026; Kimmins (1953). Paired structures are referred to in the singular form. The phallus and the wing venation do not show significant differences among the species and are depicted for just a few species.</p>
</sec>
<sec id="S4" sec-type="heading-2"><title>Specimens preparation and illustrations</title>
<p>To view wing venation, wing setae were removed using a thin artist brush and wings were mounted on slides following standard protocols outlined by Prather (2003). To observe the genitalia, the abdomens were removed and genitalia were cleared using 85% lactic acid through standard methods outlined by Blahnik et al. (2007). The prepared genitalia were transferred to microvials with 80% ethanol. Genitalia were placed in depression slides with a drop of glycerin. The bottom of the depression was covered with small glass beads to help stabilize the genitalia in the preferred position and examined using a compound microscope (Olympus BX41) at 400 X magnification. The structures were traced in pencil with the aid of a camera lucida coupled to the microscope. Final illustrations were made by scanning the pencil drawings and digitally rendering them using the software Adobe Illustrator&#x00AE; CS6. In the illustrations of male genitalia in lateral view, the preanal appendage and inferior appendage were rotated to allow the full visualization of the harpago structures. In the preserved specimens the inferior appendage crosses the preanal appendage at a 45&#x00B0; angle. Distribution map was generated using the open source software QGIS version 2.8.2.</p>
</sec>
<sec id="S5" sec-type="heading-2"><title>Depositories</title>
<p>Types of the species described herein and other material examined are deposited, as indicated in the species descriptions, in the following institutions:
<def-list>
<def-item><term>BIOUG</term><def><p>Centre for Biodiversity Genomics, University of Guelph, Ontario, Canada.</p></def></def-item>
<def-item><term>CNC</term><def><p>Canadian National Collection of Insects, Arachnids, and Nematodes, Ottawa, Canada.</p></def></def-item>
<def-item><term>DZRJ</term><def><p>Departamento de Zoologia, Universidade Federal do Rio de Janeiro, Rio de Janeiro, Brazil.</p></def></def-item>
<def-item><term>MZSP</term><def><p>Museu de Zoologia, Universidade de S&#x00E3;o Paulo, S&#x00E3;o Paulo, Brazil.</p></def></def-item>
<def-item><term>USNM</term><def><p>National Museum of Natural History, Washington, DC, USA.</p></def></def-item>
<def-item><term>UMSP</term><def><p>University of Minnesota Insect Collection, Saint Paul, Minnesota, USA.</p></def></def-item></def-list></p>
</sec>
</sec>
<sec id="S6" sec-type="heading-1"><title>Systematics</title>
<p><bold><italic>Family Xiphocentronidae Ross 1949</italic></bold></p>
<p><bold><italic>Subfamily Xiphocentroninae Schmid 1982</italic></bold></p>
<p><bold><italic>Genus</italic> Machairocentron <italic>Schmid 1982</italic></bold></p>
<p><italic>Machairocentron</italic> Schmid 1982:46 [Type species: <italic>Machairocentron lucumon</italic> Schmid 1982, original designation].</p>
<sec id="S7" sec-type="heading-2"><title>Generic diagnosis</title>
<p>Adult male <italic>Machairocentron</italic> can be diagnosed by the presence of sclerotized, swollen and rugose mesal and lateral projections at the base of harpago. These projections are covered with spines, and the mesal projection forms an oblong dorsal lobe and a ventral flap that surround laterally the apex of the intermediate appendage and the phallus. The coxopodite is always without spines, and well separated from the harpago. The genus is also identified by the very elongate inferior and preanal appendages, although these features are also found in <italic>Xiphocentron torquon, X. polemon</italic>, and <italic>X. prolixum</italic>.</p>
<p>The females are distinguished by having segment X darkly sclerotized (differing from the lighter sclerotized segment X in other xiphocentronids).</p>
<p>The pupae of <italic>Machairocentron</italic>, as presented in Pes et al. (2013), differ from the known pupae of <italic>Xiphocentron</italic>, (<italic>X. sclerothrix, X. haitiense</italic>, and <italic>X. moncho</italic>) and <italic>Abaria</italic> (<italic>A. electa</italic>) by the abdominal apex with longer mesal projections (4x longer than wide); middle legs not compressed and expanded; hook plates with greater number of hooks (i.e., 3rd segment: <italic>Machairocentron</italic> 14 hooks, <italic>Xiphocentron</italic> 9 hooks, <italic>Abaria</italic> 6&#x2013;7 hooks); and the mandible apex serrated, not hooked (acutely hooked, whip-like apex in <italic>Abaria, X. moncho</italic>, and <italic>X. haitiensis</italic>).</p>
<p>The larvae are indistinguishable from <italic>Xiphocentron</italic> larvae (Pes et al. 2013).</p>
</sec>
<sec id="S8" sec-type="heading-2"><title>Description</title>
<p><italic>Adult</italic>. (<xref ref-type="fig" rid="F2">Fig. 2A&#x2013;F</xref>) Forewings uniformly dark brown or with one or two white spots; hindwings uniformly dark brown; wing margins covered with long, fine setae, without sexual dimorphism. Antenna scape 1/2 length of head (<xref ref-type="fig" rid="F2">Fig. 2A</xref>). Maxillary palps with 5-segments in both sexes; segments in increasing order of length (I-II)-III-IV-V: segment V about 2x length of segment IV; IV longer than I+II; III about as long as I+II; I and II subequal (<xref ref-type="fig" rid="F2">Fig. 2B</xref>). Labial palps with 3-segments, segments in increasing order of length I-II-III, with segment III 2x length of segment II (<xref ref-type="fig" rid="F2">Fig. 2B</xref>). Head: frons with pair of large frontal setal warts (<xref ref-type="fig" rid="F2">Fig. 2D</xref>); vertex, coronal and occipital sulcus well defined, coronal sulcus forking at the anterior 1/3 of head; interantennal setal wart diffuse; lateroantennal setal warts small, ocellar setal warts elongate mesally, occipital setal warts large, elongate (<xref ref-type="fig" rid="F2">Fig. 2A</xref>). Tegula rounded. Prothorax: median pronotal setal warts elongate, lateral pronotal setal warts small (<xref ref-type="fig" rid="F2">Fig. 2A</xref>). Mesothorax: mesoprescutum present, longer than broad, subquadrangular, divided by median sulcus; mesoscutellum anteriorly divided by median sulcus (<xref ref-type="fig" rid="F2">Fig. 2A</xref>). Tibial spur formula 2-4-3 in males and 2-4-4 in females; male apical spur of hind leg without any conspicuous difference from other spurs (<xref ref-type="fig" rid="F2">Fig. 2C</xref>). Body color dark brown; legs pale yellow. Venation (<xref ref-type="fig" rid="F2">Fig. 2F</xref>): forewing forks II and IV present, fork II sessile, hindwing forks II and V present. Forewing discoidal cell small, thyridial cell elongate; 3 anal veins present; A2 basally merged with A3 and looped to A1. Hindwing: R1 long, reaching wing margin, without cross vein between R1 and SR. Abdominal sternum V bearing pair of anterolateral sclerotized reticulated regions around glandular opening (<xref ref-type="fig" rid="F2">Fig. 2E</xref>).</p>
<fig id="F2" position="float"><label>Figure 2.</label><caption><p><italic>Machairocentron</italic> adult male: (A) head, pro&#x2013; and mesothorax of M. falciforme, dorsal view; (B) labial and maxillary palps of <italic>M. tarpeia</italic>; (C) hind leg, tibial spurs of <italic>M. tarpeia</italic>; (D) head of <italic>M. falciforme</italic>, frontal view (labial palps are omitted); (E) sternum V reticulate glandular region of <italic>M. eugeniarguedasae</italic> <bold>sp. nov.</bold>, lateral view; (F) wing venation of <italic>M. ascanius</italic>.</p></caption><graphic xlink:href="1876312X_052_04_s001_text-f0002.jpg"/></fig>
<p><italic>Male genitalia</italic>. Tergum IX, in dorsal view triangular, tapered apically, apex cleft or not. Sternum IX elongate, in lateral view ventral margin convex, anteriorly with slender apodemes. Tergum X membranous, fused with intermediate appendage. Intermediate appendage sclerotized, in lateral view oblong, apex rounded; in dorsal view, tapered apically, intermediate appendages separated or partially fused together mesally, with 2 pairs of setae at mid length; in ventral view, intermediate appendages fused together, apex cleft, with numerous sensillae. Preanal appendage very elongate, length 10&#x2013;20 times height, covered with long, dense setae. Inferior appendage distinctly bi-articulated. Coxopodite simple, with set of long setae ventrally. Harpago complex, basal region short, sclerotized; apical region elongate, narrow; basal region of harpago projected laterad and mesad, covered with small spines and tubercles; mesal projection broad, oblong dorsally, narrow ventrally; apical region of harpago elongate and narrow, length 2&#x2013;5 times basal region length, mesal margin with row of setae from base to apex, apex enlarged or not, with single row of setae or multiple setae. Basal plate of inferior appendage, in lateral view broad. Phallus very long, narrow, with base reaching segment V anteriorly, slightly enlarged at base, subapical region annulate, apex slightly enlarged, similar in all species. Periphallic membrane thin, covering the phallus length in the region of the genital segments.</p>
<p><italic>Female genitalia</italic>. Telescopically elongate, forming slender oviscapt. Segment VIII synscleritous, dorsally open, membranous; each anterolateral margin with thin, very elongate apodeme extending anteriorly until segment VI. Intersegmental membrane VIII&#x2013;IX well developed. Segment IX tubular, slender, covered with annulated striations; longer than segment VIII, open ventrally; each anterolateral margin with thin, very elongate apodeme extending anteriorly to segment VI; strong rim present on lateral margin, extending for whole length reaching segment X. Segment X small, distinctly more sclerotized than segment IX, covered with sensillae; mesally with small rod. Cercus thin, digitiform.</p>
<p><italic>Larvae</italic>. Pes et al. (2013) collected larvae <italic>of Xiphocentron sclerothrix</italic> and <italic>Machairocentron falciforme</italic> and observed no morphological differences between the larvae of the two genera. Illustration of <italic>Machairocentron</italic> larvae was provided by Pes et al. (2005). Descriptions of <italic>Xiphocentron</italic> larvae were provided by Edwards (1961), Flint (1964), Mu&#x00F1;oz-Quesada &#x0026; Holzenthal (1997) and Wiggins (1996).</p>
<p><italic>Pupae</italic> [After Pes et al. (2013)]. Length 3.6&#x2013;3.8 mm. Mandible triangular, apex sclerotized, elongate, tapered, inner margin serrate. Tarsi of middle leg flattened, wide. Abdomen: pair of hook plates present anteriorly on abdominal segments II&#x2013;VII and posteriorly on segment V; each anterior hook plate II&#x2013;V with 14&#x2013;16 hooks; VI with 11 hooks; VII with 9 hooks; posterior hook plate V with 8 hooks. Anterior hook plates with hooks directed posterad, posterior hook plates with hooks directed anterad. Male abdominal apex with two pairs of projections, one short, one elongate; female abdominal apex with small projections.</p>
<p><italic>Etymology</italic>. The generic etymology was not specified by Schmid (1982) in his original designation, but the name derives from the Greek: <italic>machairi</italic> = knife, <italic>k&#x00E9;ntron</italic> = center, sharp point. Following the name pattern previously used by Brauer for the genus <italic>Xiphocentron</italic>, as <italic>xiphon</italic> means sword</p>
<p><bold><italic>Machairocentron ascanius</italic> Schmid 1982</bold></p>
<p><xref ref-type="fig" rid="F3">Fig. 3A&#x2013;E</xref></p>
<fig id="F3" position="float"><label>Figure 3.</label><caption><p><italic>Machairocentron ascanius</italic> Schmid 1982: Male genitalia: (A) lateral; (B) dorsal; (C) ventral; (D) detail of harpago structures, dorsal; (E) adult, showing wing coloration (modified from Mu&#x00F1;oz-Quesada &#x0026; Holzenthal 1997; here and throughout).</p></caption><graphic xlink:href="1876312X_052_04_s001_text-f0003.jpg"/></fig>
<p><italic>Machairocentron ascanius</italic> Schmid 1982:48 [Type locality: Panama, Dolega; USNM; &#x2642;]. Aguila 1992:537 [distribution]. Armitage et al. 2015:5 [checklist]; Armitage &#x0026; Cornejo 2015:193 [checklist].</p>
</sec>
<sec id="S9" sec-type="heading-2"><title>Diagnosis</title>
<p><italic>Machairocentron ascanius</italic> is similar to <italic>M. teucrus, M. tarpeia, M. chorotegae</italic> <bold>sp. nov.</bold> and <italic>M. eugeniarguedasae</italic> <bold>sp. nov.</bold> by the setal pad at the apex of the harpago. It can be differentiated by the apex of tergum IX divided into well separated lobes (<xref ref-type="fig" rid="F3">Fig. 3B</xref>); the apex of the preanal appendage wide in lateral view (<xref ref-type="fig" rid="F3">Fig. 3A</xref>); and the mesal projection of the harpago with very short spines (<xref ref-type="fig" rid="F3">Fig. 3D, C</xref>).</p>
</sec>
<sec id="S10" sec-type="heading-2"><title>Description</title>
<p><italic>Adult</italic>. Forewing length 3.5 mm. Forewing uniformly dark brown. Tibial spurs not modified. Sclerotized reticulated region on sternum V present.</p>
<p><italic>Male genitalia</italic>. Tergum IX elongate, 1.5x longer than wide; in dorsal view, anterior margin broadly concave, V-shaped, posterior margin tapered, apex divided into 2 well separated lobes (<xref ref-type="fig" rid="F3">Fig. 3B</xref>). Sternum IX, in lateral view, about 2x as long as high, tapering apically; posterodorsal margin straight, ventral margin convex, anterior margin straight, with short, curved apodeme (<xref ref-type="fig" rid="F3">Fig. 3A</xref>); in ventral view anterior margin nearly straight, posterior margin concave (<xref ref-type="fig" rid="F3">Fig. 3C</xref>). Tergum X membranous. Intermediate appendage sclerotized; in lateral view oblong, apex rounded, with numerous sensillae (<xref ref-type="fig" rid="F3">Fig. 3A</xref>); in dorsal view, tapered apically, partially fused mesally, with two pairs of setae at mid length (<xref ref-type="fig" rid="F3">Fig. 3B</xref>). Preanal appendage long, 3x length of tergum IX, densely setose; in lateral view narrower at base, apically broad, apex truncate (<xref ref-type="fig" rid="F3">Fig. 3A</xref>); in dorsal view straight, bent at apex. Inferior appendage longer than preanal appendage, bi-segmented. Coxopodite short, with long setae ventrally. Harpago basal region short, sclerotized; lateral projection rounded, covered with small spines; mesal projection covered with small spines, oblong and rounded dorsally; apical region of harpago, elongate, narrow, about 3x length of basal region, mesal margin with row of setae from base to apex, apex enlarged, with pad of numerous setae (<xref ref-type="fig" rid="F3">Fig. 3A</xref>, <xref ref-type="fig" rid="F3">3D</xref>). Phallus very long, slender, conical at base, subapically annulate, apex slightly enlarged (<xref ref-type="fig" rid="F3">Fig. 3C</xref>).</p>
<p><italic>Material examined.</italic> <bold>PANAMA: Dolega:</bold> 17.vii.1967, O.S. Flint (holotype, &#x2642; pinned, USNMENT01028605). <bold>COSTA RICA: Puntarenas:</bold> Rio Cot&#x00F3;n in las Alturas. 8.938&#x00B0;N 82.826&#x00B0;W, 18.iii.1991, el. 1360 m, R.W. Holzenthal, F. Mu&#x00F1;oz, Y. Huisman (&#x2642; pinned, UMSP000146117).</p>
<p><italic>Distribution</italic>. Panama. Costa Rica (<bold>new record</bold>).</p>
<p><bold><italic>Machairocentron echinatum</italic> (Flint 1981</bold>)</p>
<p><xref ref-type="fig" rid="F4">Figs 4A&#x2013;E</xref>, <xref ref-type="fig" rid="F5">5A&#x2013;D</xref></p>
<fig id="F4" position="float"><label>Figure 4.</label><caption><p><italic>Machairocentron echinatum</italic> (Flint 1981): Male genitalia: (A) lateral; (B) dorsal; (C) ventral; (D) detail of harpago structures, dorsal; (E) adult.</p></caption><graphic xlink:href="1876312X_052_04_s001_text-f0004.jpg"/></fig>
<fig id="F5" position="float"><label>Figure 5.</label><caption><p><italic>Machairocentron echinatum</italic> (Flint 1981) variations: male genitalia lateral, wing aspect, detail of basal region of harpago dorsal, tergum IX dorsal, respectively. (A) Venezuela, Aragua state (Holotype); (B) Venezuela, Distrito Capital; (C) Colombia, Choco departament; (D) Colombia, Tolima departament.</p></caption><graphic xlink:href="1876312X_052_04_s001_text-f0005.jpg"/></fig>
<p><italic>Machairocentron echinatum</italic> (Flint 1981):17 [Type locality: Venezuela, Aragua, Maracay, Rio Limon, Estacion Piscicultura; USNM; &#x2642;; in <italic>Xiphocentron</italic>]. R&#x00ED;os-Touma et al., 2017:15 [checklist].</p>
<p><italic>&#x2014;carmentis</italic> Schmid 1982:48 [Type locality: Venezuela, Aragua, Ocumare; USNM]; Flint et al. 1999:81 [to synonymy].</p>
</sec>
<sec id="S11" sec-type="heading-2"><title>Diagnosis</title>
<p><italic>Machairocentron echinatum</italic> is similar to <italic>M. falciforme</italic>, and <italic>M. lucumon</italic> by the elongated apical region of the harpago, with the apex not enlarged and having a single row of setae (<xref ref-type="fig" rid="F4">Fig. 4A, C</xref>). <italic>M. echinatum</italic> is diagnosed by the mesal projection of harpago dorsally with conspicuous long spines (<xref ref-type="fig" rid="F4">Fig. 4D</xref>); the lateral projection of the harpago with sharp edges; the posterior margin of sternum IX undulate (<xref ref-type="fig" rid="F4">Fig. 4C</xref>); and the preanal appendage with the apex slightly bent (<xref ref-type="fig" rid="F4">Fig. 4A, B</xref>).</p>
</sec>
<sec id="S12" sec-type="heading-2"><title>Description</title>
<p><italic>Adult</italic>. Forewing length 3.5 mm. Forewing dark brown. Tibial spurs not modified. Sclerotized reticulated region on sternum V present.</p>
<p><italic>Male genitalia</italic>. Tergum IX as long as wide; in dorsal view, anterior margin broadly concave, U-shaped, posterior margin tapered, apex divided into 2 lobes (<xref ref-type="fig" rid="F4">Fig. 4B</xref>). Sternum IX, in lateral view, about as long as high, tapering apically, posterodorsal margin straight, ventral margin convex, anterior margin straight with short, curved apodeme; in ventral view (<xref ref-type="fig" rid="F4">Fig. 4C</xref>), anterior margin concave, posterior margin undulated with narrow shallow mesal concavity. Tergum X membranous. Intermediate appendage sclerotized, in lateral view oblong, apex rounded, with numerous sensilla; in dorsal view, tapered apically, partially fused mesally, with 2 pairs of setae mid length. Preanal appendage long, about 4x length of tergum IX, densely setose; in lateral view narrower at base, tapered apically; in dorsal view straight and apically bent (<xref ref-type="fig" rid="F4">Fig. 4B</xref>). Inferior appendage longer than preanal appendage, bi-segmented. Coxopodite short with long setae ventrally. Harpago basal region short, sclerotized; lateral projection quadrate, covered with spines; mesal projection covered with conspicuously longer spines, oblong and rounded dorsally; apical region of harpago elongate, narrow, about 4x basal region length, mesal margin with row of setae from base to apex, apex not enlarged, with single row of setae (<xref ref-type="fig" rid="F4">Fig. 4A, D</xref>). Phallus very long, slender, conical at base, subapically annulate, apex slightly enlarged.</p>
<p><italic>Material examined</italic>. <bold>VENEZUELA: Aragua:</bold> Maracay, Rio Limon, Estacion Piscicultura, 5-6.xi.1974, F.H. Weibezahn (holotype, &#x2642; pinned, USNM76615); Ocumare, 19&#x2013;20.ii.1969, P. &#x0026; P. Spangler (2&#x2642; alcohol, USNM); <bold>Distrito Capital:</bold> R&#x00ED;o Camur&#x00ED; Grande, 1 km S of Camur&#x00ED; (N&#x00FA;cleo U.S.B.), 10.616&#x00B0;N, 66.715&#x00B0;W, el. 30 m, 24.i.1994, R.W. Holzenthal, C. Cressa, J. Rinc&#x00F3;n (&#x2642; pinned, UMSP000146114). <bold>COLOMBIA: Tolima:</bold> Armero, near Guayabal, 2&#x2013;10.ii.1977, malaise trap, E.L. Peyton (&#x2642; pinned, USNM); <bold>Choco:</bold> Rio Atrato, Yuto, 18.ii.1983, O.S. Flint (2&#x2642; pinned, USNM).</p>
<p><italic>Distribution</italic>. Colombia (<bold>new record</bold>), Venezuela.</p>
<p><italic>Remarks</italic>. While the holotype of <italic>M. echinatum</italic> does not have any spots on the wings, some specimens with similar genitalia (<xref ref-type="fig" rid="F5">Fig. 5A&#x2013;D</xref>) do possess white spots on the forewing. The presence or absence of these spots is considered here to be intraspecific variation. The genitalia of all specimens have very similar morphology with some variation, but without any conspicuous characters that would clearly indicate more than a single species (<xref ref-type="fig" rid="F5">Figs 5A&#x2013;D</xref>). The collection of additional material and examination of additional character data would be necessary for a more conclusive understanding of these populations. The specimen recorded as <italic>M. echinatum</italic> from Ecuador (R&#x00ED;os-Touma et al. 2017) (accession number UMSP000098453) has much smaller spines compared to <italic>M. echinatum</italic>, the tergum IX is damaged, and the individual has a single white spot on the forewing. This specimen is here designated as undescribed <italic>Machairocentron</italic> morphotype B (<xref ref-type="fig" rid="F17">Fig. 17A&#x2013;D</xref>).</p>
<p><bold><italic>Machairocentron falciforme</italic> Pes &#x0026; Hamada 2013</bold></p>
<p><xref ref-type="fig" rid="F6">Figs 6A&#x2013;E</xref>, <xref ref-type="fig" rid="F7">7A&#x2013;D</xref></p>
<fig id="F6" position="float"><label>Figure 6.</label><caption><p><italic>Machairocentron falciforme</italic> Pes &#x0026; Hamada 2013: Male genitalia: (A) lateral; (B) dorsal; (C) ventral; (D) detail of harpago structures, dorsal; (E) adult.</p></caption><graphic xlink:href="1876312X_052_04_s001_text-f0006.jpg"/></fig>
<fig id="F7" position="float"><label>Figure 7.</label><caption><p><italic>Machairocentron falciforme</italic> Pes &#x0026; Hamada 2013: Female genitalia: (A) dorsal; (B) detail of X segment, dorsal; (C) lateral; (D) detail of X segment, lateral.</p></caption><graphic xlink:href="1876312X_052_04_s001_text-f0007.jpg"/></fig>
<p><italic>Machairocentron falciforme</italic> Pes &#x0026; Hamada in Pes et al. 2013:562 [Type locality: Brazil, Amazonas, Manaus, Reserva Ducke, Igarap&#x00E9; do Acar&#x00E1;, 02&#x00B0;56&#x2019;29.3&#x201D;S, 59&#x00B0;56&#x2019;07.4&#x201D;W; INPA; &#x2642;; &#x2640;; pupa; biology]. Paprocki &#x0026; Fran&#x00E7;a 2014:93 [checklist].</p>
</sec>
<sec id="S13" sec-type="heading-2"><title>Diagnosis</title>
<p><italic>Machairocentron falciforme</italic> is similar to <italic>M. echinatum</italic>, and <italic>M. lucumon</italic> by the elongated apical region of the harpago, with the apex not enlarged and having a single row of setae. <italic>Machairocentron falciforme</italic> can be differentiated from <italic>M. echinatum</italic> by the lateral projection of the harpago strongly produced anterad (<xref ref-type="fig" rid="F6">Fig. 6C, D</xref>). In dorsal view, the conical preanal appendage shape, with a tapered apex (<xref ref-type="fig" rid="F6">Fig. 6B</xref>), can differentiate <italic>M. falciforme</italic> from all its congeners. The forewing with two white spots (<xref ref-type="fig" rid="F6">Fig. 6E</xref>), also can separate <italic>M. falciforme</italic> from <italic>M. lucumon</italic> (which also has the harpago&#x2019;s lateral projection produced anterad, although, in a lesser degree).</p></sec>
<sec id="S14" sec-type="heading-2"><title>Description</title>
<p><italic>Adult</italic>. Forewing length 3 mm. Forewing dark brown with white spot near forking point of R4 and R5 and one anteriorly on costal margin. Tibial spurs not modified. Sclerotized reticulated region on sternum V present.</p>
<p><italic>Male genitalia</italic>. Tergum IX elongate, narrow apically; in dorsal view, anterior margin broadly concave, U-shaped, posterior margin strongly tapered, apex cleft until about mid-length (<xref ref-type="fig" rid="F6">Fig. 6B</xref>). Sternum IX, in lateral view, about 2x as long as high, tapered apically, posterodorsal margin straight, ventral margin convex, anterior margin straight with short, curved apodeme; in ventral view, anterior margin straight, posterior margin concave (<xref ref-type="fig" rid="F6">Fig. 6A, C</xref>). Tergum X membranous. Intermediate appendage sclerotized, in lateral view oblong, apex rounded, with numerous sensillae; in dorsal view, tapered apically, separated mesally throughout length, with 2 pairs of setae at mid length. Preanal appendage long, 3x length of tergum IX, densely setose; in lateral view narrower at base, slightly wider mid length, tapered apically; in dorsal view conical, strongly tapered apically. Inferior appendage longer than preanal appendage, bi-segmented. Coxopodite short, with long setae ventrally. Harpago basal region short, sclerotized; lateral projection strongly produced anterad, covered with spines; mesal projection covered with small spines, dorsally oblong, rounded dorsally; apical region of harpago elongate, narrow, about 2x length of basal region, mesal margin with row of setae from base to apex, apex not enlarged, with single row of setae (<xref ref-type="fig" rid="F6">Fig. 6C, D</xref>). Phallus very long, slender, conical at base, subapically annulate, apex slightly enlarged.</p>
<p><italic>Female genitalia</italic> (<xref ref-type="fig" rid="F15">Fig. 15A&#x2013;D</xref>). Segment VIII synscleritous, membranous dorsally; each anterolateral margin thin, with very elongate apodeme extending anteriorly until segment VI. Intersegmental membrane VIII-IX well developed. Segment IX tubular, opened ventrally, longer than segment VIII; each anterolateral margin with thin, elongate apodeme extending anteriorly to segment VI; sclerotized rim extends along all of segment IX. Segment X small, distinctly more sclerotized, covered with sensillae; with small rod mesally. Cercus thin, digitiform.</p>
<p><italic>Material examined</italic>. <bold>BRAZIL: Amazonas:</bold> Manaus, &#x201C;Reserva Ducke; Igarap&#x00E9; do Acar&#x00E1;, 02&#x00B0;55&#x2019;51&#x201D;S, 059&#x00B0;58&#x2019;59&#x201D;W, 20&#x2013;30.x.2001, malaise trap, J. Vidal, (paratype, &#x2642; in alcohol, MZUSP000121), (&#x2640; in alcohol, MZUSP000122).</p>
<p><italic>Distribution</italic>. Brazil.</p>
<p><bold><italic>Machairocentron lucumon</italic> Schmid 1982</bold></p>
<p><xref ref-type="fig" rid="F8">Fig. 8A&#x2013;E</xref></p>
<fig id="F8" position="float"><label>Figure 8.</label><caption><p><italic>Machairocentron lucumon</italic> Schmid 1982: Male genitalia: (A) lateral; (B) dorsal; (C) ventral; (D) detail of harpago structures, dorsal; (E) adult.</p></caption><graphic xlink:href="1876312X_052_04_s001_text-f0008.jpg"/></fig>
<p><italic>Machairocentron lucumon</italic> Schmid 1982:50 [Type locality: Mexico, Ver., Rio Tacolapan, rt 180, Km 551; USNM; &#x2642;].</p>
</sec>
<sec id="S15" sec-type="heading-2"><title>Diagnosis</title>
<p><italic>Machairocentron lucumon</italic> is similar to <italic>M. echinatum</italic> and <italic>M. falciforme</italic> by the very elongate apical region of the harpago without a setal pad at the apex. <italic>Machairocentron lucumon</italic> has the longest apical region of the harpago among the known species, about 5x the length of the basal region and a highly sclerotized lateral projection on the basal region (<xref ref-type="fig" rid="F8">Fig. 8A&#x2013;C</xref>). The spines on the mesal projection of the harpago are smaller than in <italic>M. echinatum</italic> and the lateral projection is less produced anterad than in <italic>M. falciforme</italic> (<xref ref-type="fig" rid="F8">Fig. 8C, D</xref>). Additionally, in dorsal view, a pair of subapical marks on the tergum IX (<xref ref-type="fig" rid="F8">Fig. 8B</xref>) were seen only in <italic>M. lucumon</italic> specimens.</p></sec>
<sec id="S16" sec-type="heading-2"><title>Description</title>
<p><italic>Adult</italic>. Forewing length 3.5 mm. Forewing uniformly dark brown. Tibial spurs not modified. Sclerotized reticulated region on sternum V present.</p>
<p><italic>Male genitalia</italic>. Tergum IX elongate, narrow apically; in dorsal view, anterior margin broadly concave, U-shaped, posterior margin tapered, apex with shallow cleft (<xref ref-type="fig" rid="F8">Fig. 8B</xref>). Sternum IX, in lateral view about 2x as long as high, posterodorsal margin straight, ventral margin convex, anterior margin convex with short, curved apodeme; in ventral view, anterior margin straight, posterior margin concave (<xref ref-type="fig" rid="F8">Fig. 8A, C</xref>). Tergum X membranous. Intermediate appendage sclerotized, in lateral view oblong, apex rounded, with numerous sensillae; in dorsal view, tapered apically, each intermediate appendage partially fused together mesally, with two pairs of setae at mid length. Preanal appendage long, 5x length of tergum IX, densely setose; in lateral view narrower at base, slightly wider at mid length, tapered apically; in dorsal view straight, bent apically. Inferior appendage as long as preanal appendage, bi-segmented. Coxopodite short, simple, with long setae ventrally. Harpago basal region short, sclerotized, lateral projection well developed, produced anterad, covered with spines; mesal projection covered with small spines oblong and rounded dorsally; apical region of harpago elongate, narrow, about 5x length of basal region, mesal margin with row of setae from base to apex, apex not enlarged, with single row of setae (<xref ref-type="fig" rid="F8">Fig. 8A, C</xref>). Phallus very long, slender, conical at base, subapically annulate, apex slightly enlarged.</p>
<p><italic>Material examined</italic>. <bold>MEXICO: Veracruz-Llave:</bold> Rio Tacolapan, Rt 180, Km 551, 30.VII.1966, O.S. Flint &#x0026; M.A. Ortiz (holotype, &#x2642; pinned, USNMENT01028606); same data except, Los Tuxtlas area, Rio Maquinas, 4&#x2013;14.v.1981, C.M &#x0026; O.S. Flint (&#x2642; pinned, UMNH).</p>
<p><italic>Distribution</italic>. Mexico.</p>
<p><bold><italic>Machairocentron tarpeia</italic> Schmid 1982</bold></p>
<p><xref ref-type="fig" rid="F9">Fig. 9A&#x2013;E</xref></p>
<fig id="F9" position="float"><label>Figure 9.</label><caption><p><italic>Machairocentron tarpeia</italic> Schmid 1982: Male genitalia: (A) lateral; (B) dorsal; (C) ventral; (D) detail of harpago structures, dorsal; (E) adult.</p></caption><graphic xlink:href="1876312X_052_04_s001_text-f0009.jpg"/></fig>
<p><italic>Machairocentron tarpeia</italic> Schmid 1982:46 [Type locality: Mexico, Michoac&#x00E1;n, San Lorenzo, Rt. 15, Km 206; USNM; &#x2642;].</p>
</sec>
<sec id="S17" sec-type="heading-2"><title>Diagnosis</title>
<p><italic>Machairocentron tarpeia</italic> has a short apical region of the harpago as also seen in <italic>M. teucrus</italic>, and <italic>M. chorotegae</italic> <bold>sp. nov.</bold> (<xref ref-type="fig" rid="F9">Fig. 9A, C</xref>). It differs by the rounded mesal projection of the harpago with elongate finger-like spines (<xref ref-type="fig" rid="F9">Fig. 9C, D</xref>), and the wider tergum IX with a broad U-shaped concavity on the anterior margin and the well separated apical lobes (<xref ref-type="fig" rid="F9">Fig. 9B</xref>).</p></sec>
<sec id="S18" sec-type="heading-2"><title>Description</title>
<p><italic>Adult</italic>. Forewing length 3.5&#x2013;4.0 mm. Forewing uniformly dark brown. Tibial spurs not modified. Sclerotized reticulated region on sternum V present.</p>
<p><italic>Male genitalia</italic>. Tergum IX as long as wide; in dorsal view, anterior margin broadly concave, U-shaped, posterior margin tapered, apex divided into well separated lobes (<xref ref-type="fig" rid="F9">Fig. 9B</xref>). Sternum IX, in lateral view, about 1.5x longer than high, posterodorsal margin straight, ventral margin convex, anterior margin straight with short, curved apodeme; in ventral view, anterior margin nearly straight, posterior margin concave (<xref ref-type="fig" rid="F9">Fig. 9A, B</xref>). Tergum X membranous. Intermediate appendage sclerotized, in lateral view oblong, apex rounded, with numerous sensilla; in dorsal view, tapered apically, partially fused mesally, with 2 pairs of setae at mid length. Preanal appendage long, 3x length of tergum IX, densely setose, in lateral view narrower at base, slightly wider mid length, tapered apically; apex rounded, in dorsal view straight enlarged. Inferior appendage as long as preanal appendage, bi-segmented. Coxopodite shortwith long setae ventrally. Harpago basal region short, sclerotized; lateral projection rounded, covered with small spines; mesal projection with finger-like spines, rounded dorsally; apical region of harpago about 2x length of basal region, mesal margin with row of setae from base to apex, apex enlarged, with pad of numerous setae (<xref ref-type="fig" rid="F9">Fig. 9C, D</xref>). Phallus very long, slender, conical at base, subapically annulate, apex slightly enlarged (<xref ref-type="fig" rid="F9">Fig. 9A</xref>).</p>
<p><italic>Material examined.</italic> <bold>MEXICO: Michoac&#x00E1;n:</bold> San Lorenzo, Rt. 15, Km 206, 14&#x2013;15.vii.1966., O.S. Flint &#x0026; M.A. Ortiz (holotype, &#x2642; pinned, USNMENT01028607), (paratype, &#x2642; in alcohol, CNC165710).</p>
<p><italic>Distribution.</italic> Mexico.</p>
<p><bold><italic>Machairocentron teucrus</italic> Schmid 1982</bold></p>
<p><xref ref-type="fig" rid="F10">Fig. 10A&#x2013;E</xref></p>
<fig id="F10" position="float"><label>Figure 10.</label><caption><p><italic>Machairocentron teucrus</italic> Schmid 1982: Male genitalia: (A) lateral; (B) dorsal; (C) ventral; (D) detail of harpago structures, dorsal; (E) adult.</p></caption><graphic xlink:href="1876312X_052_04_s001_text-f0010.jpg"/></fig>
<p><italic>Machairocentron teucrus</italic> Schmid 1982:48 [Type locality: Panama, Playa Santa Clara; USNM; &#x2642;]. Aguila 1992:537 [distribution]. Armitage et al. 2015:5 [checklist]. Armitage &#x0026; Cornejo 2015:193 [checklist].</p>
</sec>
<sec id="S19" sec-type="heading-2"><title>Diagnosis</title>
<p>The short length of the apical region of the harpago (3x basal region length) of <italic>M. teucrus</italic> is also present in <italic>M. tarpeia</italic> and <italic>M. chorotegae</italic> sp. nov. <italic>Machairocentron teucrus</italic> can be differentiated by the narrow sternum IX (<xref ref-type="fig" rid="F10">Fig. 10B</xref>); the rounded, smooth margin of the lateral projection of the harpago (<xref ref-type="fig" rid="F10">Fig. 10C, D</xref>), and the high density of the small spines on the ventral region of the mesal projection and the ventro-apical region of the lateral projection, which make the mesal and lateral projections appear fused (<xref ref-type="fig" rid="F10">Fig. 10C, D</xref>).</p></sec>
<sec id="S20" sec-type="heading-2"><title>Description</title>
<p><italic>Adult</italic>. Forewing length 3.5 mm. Forewing dark brown with white spot near forking point of R4 and R5. Tibial spurs not modified. Sclerotized reticulated region on sternum V present.</p>
<p><italic>Male genitalia</italic>. Tergum IX longer than wide; in dorsal view, anterior margin broadly concave, V-shaped, posterior margin tapered, apex incised into 2 well separated lobes (<xref ref-type="fig" rid="F10">Fig. 10B</xref>). Sternum IX, in lateral view, about 1.5x longer than high, posterodorsal margin straight, ventral margin convex, anterior margin straight with short apodeme; in ventral view, anterior margin straight, posterior margin concave (<xref ref-type="fig" rid="F10">Fig. 10C</xref>). Tergum X membranous. Intermediate appendage sclerotized, in lateral view oblong, apex rounded, with numerous sensillae; in dorsal view, tapered apically, separated mesally throughout length, with two pairs of setae at mid length. Preanal appendage long, 3x length of tergum IX, densely setose, in lateral view narrower at base, slightly wider at mid length, tapered apically, apex rounded; in dorsal view straight, apex slightly enlarged. Inferior appendage as long as preanal appendage, bi-segmented. Coxopodite short, with long setae ventrally. Harpago, basal region short, sclerotized; lateral projection rounded, posterior margin densely covered with small spines, anterolateral margin smooth; mesal projection laterally covered with small spines, oblong, rounded dorsally; mesoventrally densely covered with small spines; apical region of harpago elongate, narrow, about 2.5x length of basal region, mesal margin with row of setae from base to apex, apex enlarged, with pad of numerous setae (<xref ref-type="fig" rid="F10">Fig. 10C, D</xref>). Phallus very long, slender, conical at base, subapically annulate, apex slightly enlarged (<xref ref-type="fig" rid="F10">Fig. 10A</xref>).</p>
<p><italic>Material examined</italic>. <bold>PANAMA: Cocle:</bold> Playa Santa Clara, 2.vii.1967, malaise trap, W.W. Wirth (holotype, &#x2642; pinned, USNMENT01028608). <bold>NICARAGUA: Dto. Carazo:</bold> Quebrada on farm California, 45 km SW of Managua towards Pochomil /Montelimar, N 11&#x00B0;55&#x2019;62.5&#x201D;, W 86&#x00B0;27&#x2019;71.7&#x201D;, 15.viii.2000, el. 185 m, L. Chamorro &#x0026; Lacayo (&#x2642; pinned, UMSP000101033).</p>
<p><italic>Distribution</italic>. Panama, Nicaragua (<bold>new record</bold>).</p>
<p><bold><italic>Machairocentron chorotegae</italic> sp. nov.</bold></p>
<p><xref ref-type="fig" rid="F11">Fig. 11A&#x2013;E</xref>, <xref ref-type="fig" rid="F12">12A&#x2013;C</xref></p>
<fig id="F11" position="float"><label>Figure 11.</label><caption><p><italic>Machairocentron chorotegae</italic> <bold>sp. nov.</bold>: Male genitalia: (A) lateral; (B) dorsal; (C) ventral; (D) detail of harpago structures, dorsal; (E) adult.</p></caption><graphic xlink:href="1876312X_052_04_s001_text-f0011.jpg"/></fig>
<fig id="F12" position="float"><label>Figure 12.</label><caption><p><italic>Machairocentron chorotegae</italic> <bold>sp. nov.</bold>: Female genitalia: (A) dorsal; (B) detail of X segment dorsal; (C) lateral.</p></caption><graphic xlink:href="1876312X_052_04_s001_text-f0012.jpg"/></fig>
<p>ZooBank: <uri xlink:href="http://zoobank.org/CC835E2A-A0DF-4156-95AA-74DB0094FAF0">http://zoobank.org/CC835E2A-A0DF-4156-95AA-74DB0094FAF0</uri></p>
</sec>
<sec id="S21" sec-type="heading-2"><title>Diagnosis</title>
<p>The new species is similar to <italic>Machairocentron teucrus</italic> and <italic>M. tarpeia</italic> by the short length of the apical region of the harpago (3x length of basal region). It can be separated from <italic>M. teucrus</italic> and <italic>M. tarpeia</italic> by the inner margin of the basal region of the harpago bearing a radula-like dorsal projection (<xref ref-type="fig" rid="F11">Fig. 11D</xref>) and tergum IX having a narrow V-shaped mesal concavity on the anterior margin (<xref ref-type="fig" rid="F11">Fig. 11B</xref>).</p></sec>
<sec id="S22" sec-type="heading-2"><title>Description</title>
<p><italic>Adult.</italic> Forewing length 3.5 mm. Forewing dark brown with white spot near forking point of R4 and R5. Tibial spurs not modified. Sclerotized reticulated region on sternum V present.</p>
<p><italic>Male genitalia</italic>. Tergum IX as longer as wide; in dorsal view, anterior margin with narrow V-shaped mesal concavity, posterior margin tapered, apex cleft. Sternum IX, in lateral view, more than 2x as long as high, each side with posterolateral-dorsal margin straight, ventral margin convex, with anterolateral apodeme short, curved (<xref ref-type="fig" rid="F11">Fig. 11A</xref>); in ventral view, anterior margin slightly concave, posterior margin straight with very small mesal concavity, sides convex (<xref ref-type="fig" rid="F11">Fig. 11C</xref>). Tergum X membranous. Intermediate appendage sclerotized, in lateral view oblong, apex rounded, with numerous sensillae; in dorsal view, tapered apically, separated mesally throughout its length, with 2 pairs of setae at mid length. Preanal appendage, 3x length of tergum IX, densely setose; in lateral view, narrower at base, slightly wider at mid length, tapered apically; in dorsal view, apically enlarged. Inferior appendage longer than preanal appendage, bi-segmented. Coxopodite short, simple, with long setae ventrally. Harpago basal region short, sclerotized; lateral projection angulate, square, covered with small spines; mesal projection divided in 3 lobes, dorsal lobe oblong, covered with small tubercles (<xref ref-type="fig" rid="F11">Fig. 11A</xref>), in dorsal view curved mesad, covered with spines, radula-like (<xref ref-type="fig" rid="F11">Fig. 11D</xref>); mesal lobe in lateral view oblong, in ventral view mesal margin rounded, apex directed posterad with small spines, mesal margin spines curved dorsad; in lateral view ventral lobe broad, with small tubercles; apical region of harpago elongate, narrow, about 3x length of basal region, mesal margin with row of setae from base to apex, apex enlarged, with pad of numerous setae (<xref ref-type="fig" rid="F11">Fig. 11C, D</xref>). Phallus very long, slender, conical at base, subapically annulate, apex slightly enlarged.</p>
<p><italic>Female genitalia</italic> (<xref ref-type="fig" rid="F16">Fig. 16A&#x2013;C</xref>). Segment VIII synscleritous, membranous dorsally; each anterolateral margin with narrow, elongated apodeme, extending anterad until segment VI. Intersegmental membrane VIII-IX well developed. Segment IX tubular, open ventrally, longer than segment VIII, half-length included inside segment VIII; each anterolateral margin with narrow, elongate apodeme, extending anteriorly until segment VI; sclerotized rim extending along all of segment IX. Segment X short, distinctly sclerotized, covered with sensillae; with small rod mesally. Cercus thin, digitiform.</p>
<p><italic>Material examined</italic>. <bold>Holotype: COSTA RICA: Puntarenas:</bold> Rio Bellavista, ca 1.5 km, NW Las Alturas. 8.951&#x00B0;N, 82.846&#x00B0;W, 16&#x2013;17.iii.1991, el. 1400 m, R.W. Holzenthal, F. Mu&#x00F1;oz, Y. Huisman (&#x2642; pinned, UMSP000146097).</p>
<p><bold>Paratypes: COSTA RICA: Puntarenas:</bold> same data as holotype: (6&#x2642; pinned, UMSP000146091, 146092, 146093, 146098, 146099, 146100), (&#x2640; pinned, UMSP000146113); <bold>Alejuela:</bold> Rio Toro, 3.0 km, SW Bajos del Toro, 10.204&#x00B0;N, 84.316&#x00B0;W, 3-4.ix.1990, el. 1530 m, R.W. Holzenthal, R.J. Blahnik, Y. Huisman, (7&#x2642; pinned, UMSP000146110, 146103, 146104, 146105, 146107, 146108, 146109), (&#x2640; UMSP000146112).</p>
<p><italic>Distribution</italic>. Costa Rica.</p>
<p><italic>Etymology</italic>. The species is named after the Chorotegas, one of the eight indigenous ethnic groups that inhabited Costa Rica before Europeans arrived. The word Chorotega means &#x201C;man who flees,&#x201D; referring to the account that the first Chorotegas escaped from war with the Huicholes, indigenous warriors of Mexico. It is said that the Chorotega emigrated between 1000 and 1100 A.D. and settled along the Pacific coast from Honduras to Panama.</p>
<p><bold><italic>Machairocentron eugeniarguedasae</italic> sp. nov.</bold></p>
<p><xref ref-type="fig" rid="F13">Figs 13A&#x2013;D</xref>, <xref ref-type="fig" rid="F14">14A&#x2013;C</xref></p>
<fig id="F13" position="float"><label>Figure 13.</label><caption><p><italic>Machairocentron eugeniarguedasae</italic> <bold>sp. nov.</bold>: Male genitalia: (A) lateral; (B) dorsal; (C) ventral; (D) detail of harpago structures. Adult wing pattern is unknow.</p></caption><graphic xlink:href="1876312X_052_04_s001_text-f0013.jpg"/></fig>
<fig id="F14" position="float"><label>Figure 14.</label><caption><p><italic>Machairocentron eugeniarguedasae</italic> <bold>sp. nov.</bold>: Female genitalia: (A) dorsal; (B) detail of X segment, dorsal; (C) lateral.</p></caption><graphic xlink:href="1876312X_052_04_s001_text-f0014.jpg"/></fig>
<p>ZooBank: <uri xlink:href="http://zoobank.org/2B452983-FBBB-4910-9740-4AF2B19A3412">http://zoobank.org/2B452983-FBBB-4910-9740-4AF2B19A3412</uri></p>
</sec>
<sec id="S23" sec-type="heading-2"><title>Diagnosis</title>
<p><italic>Machairocentron eugeniarguedasae</italic> is similar to other species with elongate apical region of harpago (<italic>M</italic>. <italic>echinatum, M. falciforme, M. lucumon</italic>), particularly <italic>M. echinatum</italic> by the elongate spines on the mesal projection of the harpago. <italic>M. eugeniarguedasae</italic> can be differentiated by these spines being longer and displayed as a line of finger-like spines curving upward close to the inner margin (<xref ref-type="fig" rid="F13">Fig. 13D</xref>). The spines on the lateral projection are also sparser and more pointed; and the harpago apex is enlarged and has a pad of numerous setae (<xref ref-type="fig" rid="F13">Fig. 13C, D</xref>), while <italic>M. echinatum</italic> and other species with elongated harpago have just a simple row.</p></sec>
<sec id="S24" sec-type="heading-2"><title>Description</title>
<p><italic>Adult</italic>. Forewing length 4.0 mm. Forewing uniformly dark brown (material in alcohol, denuded, faded). Tibial spurs not modified. Sclerotized reticulated region on sternum V present.</p>
<p><italic>Male genitalia</italic>. Tergum IX slightly longer than wide; in dorsal view, anterior margin with U-shaped mesal concavity, posterior margin tapered, very thin, apex cleft until near half length (<xref ref-type="fig" rid="F13">Fig. 13B</xref>). Sternum IX, in lateral view, more than 2x as long as high, each side with posterolateral-dorsal margin straight, ventral margin convex, anterolateral apodeme short, curved; in ventral view, anterior margin concave, posterior margin concave, sides convex (<xref ref-type="fig" rid="F13">Fig. 13A, B</xref>). Tergum X membranous. Intermediate appendage sclerotized, in lateral view oblong, apex rounded, with numerous sensilla; in dorsal view, tapered apically, separated mesally throughout its length, with 2 pairs of setae at mid length. Preanal appendage long, 5x length of tergum IX, densely setose, in lateral view narrower at base, slightly wider at mid length, tapered apically; in dorsal view subapically angulate. Inferior appendage longer than preanal appendage, bi-segmented. Coxopodite short, with long setae ventrally. Harpago basal region short, sclerotized; lateral projection covered with elongate spines; mesal projection oblong dorsally, with finger-like spines, spines curved dorsad; apical region of harpago elongated, narrow, about 6x length of basal region, mesal margin with row of setae from base to apex, apex slightly enlarged, with pad of numerous setae (<xref ref-type="fig" rid="F13">Fig. 13C, D</xref>). Phallus very long, slender, conical at base, subapically annulate, apex slightly enlarged.</p>
<p><italic>Female genitalia</italic> (<xref ref-type="fig" rid="F16">Fig. 17A&#x2013;C</xref>). Segment VIII synscleritous, membranous dorsally; each anterolateral margin with thin, elongated apodeme extending anterad to segment VI. Intersegmental membrane VIII-IX well developed. Segment IX tubular, opened ventrally, longer than segment VIII, half-length included inside segment VIII; each anterolateral margin with thin, elongated apodeme extending until segment VI; apodeme of segment X fused along the sides of segment IX. Segment X short distinctly more sclerotized than the previous segment, covered with sensillae; mesally with small rod. Cerci not visible.</p>
<p><italic>Material examined</italic>. <bold>Holotype. COSTA RICA: Guanacaste</bold>: Area de Conservacion Guanacaste; Sector San Cristobal, Estaci&#x00F3;n San Geraldo, 10.8801N, -85.3889W, el. 575 m, 21.x.2013, malaise trap, D.H. Janzen &#x0026; W. Hallwachs (&#x2642; in alcohol, BIOUG20201-C08).</p>
<p><bold>Paratypes. COSTA RICA: Guanacaste</bold>, same data as holotype, except, 7.x.2013 (&#x2640; BIOUG19941-H01); 4.xi.2013 (&#x2640; BIOUG22784-B12); 9.vii.2013 (&#x2640; BIOUG19725-A05).</p>
<p><italic>Distribution</italic>. Costa Rica.</p>
<p><italic>Etymology. Machairocentron eugeniarguedasae</italic> is named in honor of Sra. Eugenia Arguedas Montezuma in recognition of her dedication and contributions to Costa Rica&#x2019;s biopolitical liason between the Costa Rican Ministry of Environment and Energy, and the global Convention for Biological Diversity.</p>
<p><bold><italic>Machairocentron kalinae</italic> sp. nov.</bold></p>
<p><xref ref-type="fig" rid="F15">Fig. 15A&#x2013;E</xref></p>
<fig id="F15" position="float"><label>Figure 15.</label><caption><p><italic>Machairocentron kalinae</italic> <bold>sp. nov.</bold>: Male genitalia: (A) lateral; (B) dorsal; (C) ventral; (D) detail of harpago structures, dorsal; (E) adult.</p></caption><graphic xlink:href="1876312X_052_04_s001_text-f0015.jpg"/></fig>
<p>ZooBank: <uri xlink:href="http://zoobank.org/38238D20-328F-42E5-B1E5-1115A2DBE17A">http://zoobank.org/38238D20-328F-42E5-B1E5-1115A2DBE17A</uri></p>
</sec>
<sec id="S25" sec-type="heading-2"><title>Diagnosis</title>
<p><italic>Machairocentron kalinae</italic> can be distinguished from other congeners by being the only with the apex of tergum IX setose (<xref ref-type="fig" rid="F15">Fig. 15B</xref>). The apical region of the harpago is short, with the apex enlarged having a line of multiple setae (<xref ref-type="fig" rid="F15">Fig. 15C, D</xref>), like <italic>M. teucrus, M. tarpeia</italic> and <italic>M. chorotegae</italic>, but in <italic>M. kalinae</italic> the apex has a tapered projection (<xref ref-type="fig" rid="F15">Fig. 15A</xref>).</p>
</sec>
<sec id="S26" sec-type="heading-2"><title>Description</title>
<p><italic>Adult</italic>. Forewing length 3.0 mm. Forewing uniformly dark brown. Tibial spurs not modified. Sclerotized reticulated region on sternum V present.</p>
<p><italic>Male genitalia</italic>. Tergum IX as long as wide; in dorsal view, triangular, anterior margin broadly concave, U-shaped; posterior margin tapered, apex setose, mesally cleft producing 2 well separated lobes (<xref ref-type="fig" rid="F15">Fig. 15B</xref>). Sternum IX, in lateral view, narrow, about 3x longer than high, posterodorsal margin concave basally, straight apically, ventral margin convex, anterior margin with apodeme, apodeme as long as 2/3 length of sternum; in ventral view, anterior margin concave, posterior margin concave, lateral margins convex, lateral edges with long setae (<xref ref-type="fig" rid="F15">Fig. 15C</xref>). Tergum X membranous. Intermediate appendage sclerotized; in lateral view, oblong, apex rounded, with numerous sensilla; in dorsal view, tapered apically, separated mesally throughout length, with 2 pairs of setae at mid length. Preanal appendage long, 3x length of tergum IX, densely setose; in lateral view, narrower at base, tapered apically; in dorsal view, straight, with subapical constriction, apex tapered. Inferior appendage as long as preanal appendage, bi-segmented. Coxopodite with long setae ventrally. Harpago basal region short, sclerotized; lateral projection anterior margin quadrate, covered with spines; mesal projection oblong, rounded dorsally, covered with small spines; apical region of harpago elongate, narrow, about 3x length of basal region, semimembranous basomesally, mesal margin with row of setae from base to apex, apex enlarged, with set of setae mesally and row of multiple setae ventrally (<xref ref-type="fig" rid="F15">Fig. 15C, D</xref>). Phallus very long, slender, conical at base, subapically annulate, apex slightly enlarged.</p>
<p><italic>Material examined</italic>. <bold>Holotype. VENEZUELA: Sucre:</bold> Pen&#x00ED;nsula de Paria, Santa Isabel, Rio Sta. Isabel, 10&#x00B0;44.294&#x2019;N, 62&#x00B0;38.954&#x2019;W, el. 20m, 4.iv.1995, R.W. Holzenthal, O.S. Flint, C. Cressa. (&#x2642; pinned, USNMENT01518182 &#x2013; DNA Voucher: 10OFCAD-123).</p>
<p><bold>Paratypes. VENEZUELA: Puerto Viejo:</bold> &#x201C;Rio el Pozo&#x201D;, 10&#x00B0;43.073&#x2019;N, 62&#x00B0;28.569&#x2019;W, 3.iv.1995 (&#x2642; pinned, USNM), (&#x2642; pinned, UMSP000146115 &#x2013; DNA Voucher: 09MNKK0390).</p>
<p><italic>Distribution</italic>. Venezuela.</p>
<p><italic>Etymology</italic>. Kalina, also known as the Caribs, Cara&#x00ED;bas, and several other names, are an indigenous people native to the northern coastal areas of South America. The Kalina inhabited the coast from the mouth of the Amazon River to the Orinoco River, dividing their territory with the Arawak, against whom they fought during their expansion.</p>
</sec>
</sec>
<sec id="S27" sec-type="heading-1"><title>Additional material examined</title>
<p>The following specimens do not clearly fit into the species previously described. However, a single individual is available for each morphotype and some of these morphotypes have structures apparently damaged. More individuals will be needed to conclusively understand if they are different species or not.</p>
<p><bold><italic>Machairocentron morphotype</italic> A</bold></p>
<p><xref ref-type="fig" rid="F16">Fig. 16A&#x2013;D</xref></p>
<fig id="F16" position="float"><label>Figure 16&#x2013;18.</label><caption><p><italic>Machairocentron</italic> undescribed morphotypes. Male genitalia: (A) lateral; (B) dorsal; (C) detail of harpago structures, dorsal; (D) adult. (16) morphotype A, (Ecuador: El Oro); (17) morphotype B, (Ecuador: Orellana); (18) morphotype C, (Peru: Madre de Dios), adult wing pattern unknown.</p></caption><graphic xlink:href="1876312X_052_04_s001_text-f0016.jpg"/></fig>
<p><italic>Material examined.</italic> <bold>ECUADOR: El Oro:</bold> Pinas/Zaruma, rio La Calera 19&#x2013;20.viii.1977, L.E. Pena (&#x2642; pinned, USNM).</p>
<p><italic>Remarks.</italic> The specimen has the mesal lobe of the harpago similar to that of <italic>M. chorotegae</italic>, but the apical region of the harpago is longer and the apex not enlarged; the anterior margin of tergum IX also lacks the narrow central concavity present in <italic>M. chorotegae</italic>. The forewing is completely dark brown without any spots.</p>
<p><bold><italic>Machairocentron</italic> morphotype B</bold></p>
<p><xref ref-type="fig" rid="F16">Fig. 17A&#x2013;D</xref></p>
<p><italic>Material examined.</italic> <bold>ECUADOR: Orellana:</bold> Reserva de Biodiversidad Tiputini, river slough, Numa Trail, 00.63954&#x00B0;S, 76.14836&#x00B0;W, el. 260m, 23.x.2011, R.W. Holzenthal &#x0026; B. Rios (&#x2642; pinned, UMSP0098453).</p>
<p><italic>Remarks.</italic> Tergum IX is damaged. Spines on the harpago are very small in comparison with <italic>M. echinatum</italic>. The specimen has a single white spot on the forewing.</p>
<p><bold><italic>Machairocentron morphotype</italic> C</bold></p>
<p><xref ref-type="fig" rid="F16">Fig. 18A&#x2013;D</xref></p>
<p><italic>Material examined</italic>. <bold>PERU: Madre de Dios:</bold> 13&#x00B0;251S, 70&#x00B0;2046W; el. 382m, 23&#x2013;31.viii.2012, malaise trap, R.R. Cavichioli, J.A. Rafael, A.P.M. Santos &#x0026; D.M. Takiya (&#x2642; alcohol, DZRJ).</p>
<p><italic>Remarks.</italic> Each harpago is strongly bent (apparently due to damage). The specimen is similar to <italic>M. echinatum</italic> although the mesal lobe of the harpago lacks the conspicuous spines, and he apex of tergum IX is elongate. The specimen is in alcohol, and the wing is devoid of hairs, hence the wing maculation is unknown.</p>
</sec>
<sec id="S28" sec-type="heading-1"><title>Discussion</title>
<p><italic>Machairocentron</italic> shares with <italic>Xiphocentron</italic> (<italic>Xiphocentron</italic>) <italic>tarquon</italic>, and <italic>X.</italic> (<italic>Xiphocentron</italic>) <italic>polemon</italic> the very elongate harpago, an intermediate state of fusion between the coxopodite and harpago with visible sutures, and the long setae on the lateral sides of sternum IX. The structure of the intermediate appendage of <italic>Machairocentron</italic> seems to be ancestral in relation to the structure in <italic>X.</italic> (<italic>Xiphocentron</italic>) <italic>tarquon</italic> and <italic>X.</italic> (<italic>Xiphocentron</italic>) <italic>polemon</italic>. The plesiomorphic condition of the intermediate appendage in Xiphocentronidae probably is similar to the one present in <italic>Proxiphocentron</italic> (<xref ref-type="fig" rid="F17">Figs 19D</xref>, <xref ref-type="fig" rid="F18">20C</xref>) and in the Psychomyiidae: <italic>Eoneureclipsis</italic> (<xref ref-type="fig" rid="F18">Fig. 20A</xref>) and <italic>Tinodes</italic> (<xref ref-type="fig" rid="F17">Figs 19E</xref>, <xref ref-type="fig" rid="F18">20B</xref>), in which the two intermediate appendages are completely separated mesally. In <italic>Proxiphocentron</italic> each intermediate appendage has a basodorsal lobe bearing one or two stout setae (<xref ref-type="fig" rid="F17">Figs 19D</xref>, <xref ref-type="fig" rid="F18">20C</xref>). In <italic>X.</italic> (<italic>Xiphocentron</italic>) <italic>aureum, X</italic>. (<italic>Xiphocentron</italic>) <italic>asilas, X.</italic> (<italic>Xiphocentron</italic>) <italic>bilimekii</italic>, and <italic>Machairocentron</italic> each intermediate appendage has a dorsal rim bearing a pair of setae (<xref ref-type="fig" rid="F17">Fig 19B, C</xref>, <xref ref-type="fig" rid="F18">20D</xref>) that seems to be homologous to those basodorsal lobes of <italic>Proxiphocentron</italic>. <italic>Xiphocentron tarquon, X. polemon</italic>, and most Xiphocentroninae have the two intermediate appendages broadly fused together, with the vestigial basodorsal lobe appearing just as a sclerotized band (<xref ref-type="fig" rid="F17">Figs 19A</xref>, <xref ref-type="fig" rid="F18">20E</xref>). The tergum IX of <italic>Machairocentron</italic> has the apex produced (sub-triangular) (<xref ref-type="fig" rid="F17">Fig. 19B</xref>), a feature absents in <italic>Xiphocentron</italic> (<italic>Xiphocentron</italic>) subgenus (<xref ref-type="fig" rid="F17">Fig. 19A, C</xref>), and common among <italic>X.</italic> (<italic>Antillotrichia</italic>), and <italic>X.</italic> (<italic>Sphagocentron</italic>) species.</p>
<fig id="F17" position="float"><label>Figure 19.</label><caption><p>Psychomyioidea male genitalia, dorsal: (A) <italic>Xiphocentron</italic> (<italic>Xiphocentron) tarquon</italic>; (B) Machairocentron ascanius; (C) <italic>Xiphocentron (Xiphocentron) aureum</italic>; (D) <italic>Proxiphocentron arjinae</italic>; (E) <italic>Tinodes consueta</italic>.</p></caption><graphic xlink:href="1876312X_052_04_s001_text-f0017.jpg"/></fig>
<fig id="F18" position="float"><label>Figure 20.</label><caption><p>Psychomyidae male genitalia, lateral: (A) <italic>Eoneureclipsis varsikiyja</italic> (modified from Schmid 1972); (B) <italic>Tinodes consueta.</italic> Xiphocentronidae male genitalia, lateral: (C) <italic>Proxiphocentron arjinae</italic>; (D) <italic>Machairocentron kalinae</italic>; (E) <italic>Xiphocentron</italic> (<italic>Xiphocentron</italic>) <italic>tarquon</italic>.</p></caption><graphic xlink:href="1876312X_052_04_s001_text-f0018.jpg"/></fig>
<p>Within the genus <italic>Machairocentron</italic>, there is a clearly defined species group comprising <italic>Machairocentron echinatum, M. falciforme, M. lucumon</italic>, and <italic>M. eugeniarguedasae</italic> characterized by the apical region of harpago very elongate (about 3x tergum IX length) and often having a single row of setae along the harpago apex. All the other species have the apical region of the harpago shorter (less than 2x tergum IX length) with the apex enlarged and bearing numerous setae (<xref ref-type="fig" rid="F10">Fig. 10C&#x2013;D</xref>).</p>
<p>Based on the distribution data (<xref ref-type="fig" rid="F1">Fig. 1</xref>), <italic>Machairocentron</italic> is widespread in the Mesoamerica and Amazon basin, although the rarity in which the group is collected certainly biases our understanding of its actual diversity, distribution, and evolution. This revision will provide a taxonomic foundation for the placement of new species within the group.</p>
</sec>
<sec id="S29" sec-type="heading-1"><title>Key to Neotropical Xiphocentronidae</title>
<p><list list-type="simple">
<list-item><label>1.</label><p>Mesoscutal setal warts modified in a quadrate mesoprescutum. Phallus tubular, extremely elongated (reaching anterad to segment V), without phallic sclerites or spines&#x2026;&#x2026;&#x2026;&#x2026;&#x2026;&#x2026;&#x2026;&#x2026;&#x2026;&#x2026;&#x2026;&#x2026;&#x2026;&#x2026;&#x2026;&#x2026;&#x2026;&#x2026;&#x2026;&#x2026;&#x2026;&#x2026;&#x2026;&#x2026;&#x2026;&#x2026;&#x2026;&#x2026;..2 (Xiphocentronidae)</p>
<p>Mesoscutal setal warts absent or rounded. Phallus not so elongated, phallic sclerites and spines absent or present&#x2026;&#x2026;&#x2026;&#x2026;&#x2026;&#x2026;&#x2026;&#x2026;&#x2026;&#x2026;&#x2026;&#x2026;&#x2026;&#x2026;&#x2026;&#x2026;&#x2026;&#x2026;...other families</p></list-item>
<list-item><label>2(1)</label><p>Apicoventral margin of sternum IX between the inferior appendages with a patch of longate stout setae. Inferior appendage strongly bifurcated, with the gonocoxite forming a produced projection&#x2026;&#x2026;&#x2026;&#x2026;&#x2026;<bold><italic>Cnodocentron</italic></bold> Schmid 1982</p>
<p>Apicoventral margin of sternum IX without conspicuous set of spines, or setae; gonopod linear, coxopodite not strongly produced&#x2026;&#x2026;&#x2026;&#x2026;&#x2026;&#x2026;&#x2026;&#x2026;&#x2026;&#x2026;&#x2026;&#x2026;&#x2026;&#x2026;&#x2026;3</p></list-item>
<list-item><label>3(2)</label><p>Inferior appendage with coxopodite and hapago clearly distinct, base of harpago strongly sclerotized, overall covered with tubercles and short spines, swoolen laterally and forming a broad mesal projection, harpago very elongated. (The female of <italic>Machairocentron</italic> can be distinguished from the other described Xiphocentronidae females by the very sclerotized segment X)&#x2026;&#x2026;&#x2026;&#x2026;&#x2026;&#x2026;&#x2026;&#x2026;&#x2026;&#x2026;&#x2026;&#x2026;&#x2026;&#x2026;&#x2026;&#x2026;&#x2026;&#x2026;&#x2026;&#x2026;&#x2026;&#x2026;&#x2026;&#x2026;&#x2026;&#x2026;&#x2026;&#x2026;&#x2026;&#x2026;..<bold><italic>Machairocentron</italic></bold> Schmid 1982</p>
<p>Inferior appendage with coxopodite and harpago fused or not, base of harpago never forming broad sclerotized projection, with rows or patches of spines, sometimes forming a distinct polyp-like mesal sclerite&#x2026;&#x2026;<bold><italic>Xiphocentron</italic></bold> Brauer 1870</p></list-item>
</list></p>
</sec>
<sec id="S30" sec-type="heading-1"><title>Key to adult male of <italic>Machairocentron</italic></title>
<p><list list-type="simple">
<list-item><label>1.</label><p>Apical region of harpago short, less than 2x tergum IX length; apex enlarged with setae in multiple rows (<xref ref-type="fig" rid="F9">Fig. 9A&#x2013;C</xref>)&#x2026;&#x2026;&#x2026;&#x2026;&#x2026;&#x2026;&#x2026;&#x2026;&#x2026;&#x2026;&#x2026;&#x2026;&#x2026;&#x2026;&#x2026;&#x2026;&#x2026;&#x2026;&#x2026;&#x2026;&#x2026;&#x2026;&#x2026;&#x2026;2</p>
<p>Apical region of harpago very long, about 3x tergum IX length; apex not enlarged usually with setae in a single linear row (<xref ref-type="fig" rid="F4">Figs 4A&#x2013;C</xref>)&#x2026;&#x2026;&#x2026;&#x2026;&#x2026;&#x2026;&#x2026;&#x2026;&#x2026;&#x2026;&#x2026;&#x2026;&#x2026;&#x2026;&#x2026;6</p></list-item>
<list-item><label>2(1)</label><p>Mesal projection of harpago with spines conspicuously elongated, finger-like (<xref ref-type="fig" rid="F9">Fig. 9D</xref>)&#x2026;&#x2026;&#x2026;&#x2026;&#x2026;&#x2026;&#x2026;&#x2026;&#x2026;&#x2026;&#x2026;&#x2026;&#x2026;&#x2026;&#x2026;&#x2026;<bold><italic>Machairocentron tarpeia</italic></bold> Schmid 1982</p>
<p>Mesal projection of harpago with small spines (<xref ref-type="fig" rid="F3">Fig. 3D</xref>)&#x2026;&#x2026;&#x2026;&#x2026;&#x2026;&#x2026;&#x2026;&#x2026;&#x2026;&#x2026;&#x2026;&#x2026;3</p></list-item>
<list-item><label>3(2)</label><p>Lateral projection of harpago with margins rounded (<xref ref-type="fig" rid="F9">Fig. 9D</xref>)&#x2026;&#x2026;&#x2026;&#x2026;&#x2026;&#x2026;&#x2026;&#x2026;...4</p>
<p>Lateral projection of harpago with margins basally angulated (<xref ref-type="fig" rid="F11">Fig. 11D</xref>)&#x2026;&#x2026;&#x2026;&#x2026;5</p></list-item>
<list-item><label>4(3)</label><p>Mesal projection of harpago densely covered with spines (<xref ref-type="fig" rid="F10">Fig. 10C, D</xref>); anterior margin of tergum IX in dorsal view with a narrow V-shaped concavity (<xref ref-type="fig" rid="F10">Fig. 10B</xref>); preanal appendage in lateral view apically narrower than in middle-length (<xref ref-type="fig" rid="F10">Fig. 10A</xref>)<bold><italic>&#x2026;&#x2026;&#x2026;&#x2026;&#x2026;&#x2026;&#x2026;&#x2026;&#x2026;&#x2026;&#x2026;&#x2026;Machairocentron teucrus</italic></bold> Schmid 1982</p>
<p>Mesal projection of harpago with some sparse spines (<xref ref-type="fig" rid="F3">Fig. 3C, D</xref>); anterior margin of tergum IX in dorsal view with a wide U-shaped concavity (<xref ref-type="fig" rid="F3">Fig. 3B</xref>); preanal appendage in lateral view apically broader than in middle-length (<xref ref-type="fig" rid="F3">Fig. 3A</xref>)&#x2026;&#x2026;&#x2026;&#x2026;&#x2026;&#x2026;&#x2026;&#x2026;&#x2026;&#x2026;&#x2026;&#x2026;&#x2026;&#x2026;&#x2026;&#x2026;&#x2026;&#x2026;&#x2026;&#x2026;<bold><italic>Machairocentron ascanius</italic></bold> Schmid 1982</p></list-item>
<list-item><label>5(3)</label><p>Mesal projection of harpago in dorsal view with radula-like spines (<xref ref-type="fig" rid="F11">Fig. 11D</xref>); tergum X apex without setae; forewing with a white spot (<xref ref-type="fig" rid="F11">Fig. 11E</xref>)&#x2026;&#x2026;&#x2026;&#x2026;&#x2026;&#x2026;&#x2026;&#x2026;&#x2026;&#x2026;&#x2026;&#x2026;&#x2026;&#x2026;&#x2026;&#x2026;&#x2026;&#x2026;&#x2026;&#x2026;&#x2026;&#x2026;&#x2026;&#x2026;&#x2026;&#x2026;&#x2026;&#x2026;.<bold><italic>Machairocentron chorotegae</italic> sp. nov.</bold></p>
<p>Mesal projection of harpago in dorsal view spines not radula-like (<xref ref-type="fig" rid="F15">Fig. 15D</xref>); tergum IX apex setose (<xref ref-type="fig" rid="F15">Fig. 15B</xref>); forewing dark brown without any white spot &#x2026;&#x2026;&#x2026;&#x2026;&#x2026;&#x2026;&#x2026;&#x2026;&#x2026;&#x2026;&#x2026;&#x2026;&#x2026;&#x2026;&#x2026;&#x2026;&#x2026;&#x2026;&#x2026;&#x2026;&#x2026;&#x2026;&#x2026;&#x2026;<bold><italic>Machairocentron kalinae</italic> sp. nov.</bold></p></list-item>
<list-item><label>6(1)</label><p>Mesal projection of harpago with elongated spines (<xref ref-type="fig" rid="F4">Figs 4D</xref>, <xref ref-type="fig" rid="F5">5A&#x2013;D</xref>); lateral projection in dorsal and ventral views not extending anterad (<xref ref-type="fig" rid="F9">Figs 9C&#x2013;D</xref>, <xref ref-type="fig" rid="F10">10C&#x2013;D</xref>, <xref ref-type="fig" rid="F11">11C&#x2013;D</xref>, <xref ref-type="fig" rid="F13">13C&#x2013;D</xref>)&#x2026;&#x2026;&#x2026;&#x2026;&#x2026;&#x2026;&#x2026;&#x2026;&#x2026;&#x2026;&#x2026;&#x2026;&#x2026;&#x2026;&#x2026;&#x2026;&#x2026;&#x2026;&#x2026;&#x2026;&#x2026;&#x2026;&#x2026;&#x2026;&#x2026;&#x2026;&#x2026;&#x2026;&#x2026;&#x2026;&#x2026;&#x2026;..7</p>
<p>Mesal projection of harpago with small spines (<xref ref-type="fig" rid="F8">Fig. 8D</xref>); lateral projection in dorsal and ventral views extending anterad (<xref ref-type="fig" rid="F6">6C&#x2013;D</xref>, <xref ref-type="fig" rid="F8">8C&#x2013;D</xref>)&#x2026;&#x2026;&#x2026;&#x2026;&#x2026;&#x2026;&#x2026;&#x2026;&#x2026;&#x2026;..8</p></list-item>
<list-item><label>7(6)</label><p>Mesal projection apex in dorsal view, with line of very long finger-like spines curved upward on the mesal margin, in lateral view spines as long as mesal lobe width (<xref ref-type="fig" rid="F13">Fig. 13D</xref>); harpago apex enlarged, with many setae (<xref ref-type="fig" rid="F13">Fig. 13C</xref>); tergum IX anterior margin with narrow U-shaped concavity (<xref ref-type="fig" rid="F13">Fig. 13B</xref>)&#x2026;&#x2026;&#x2026;&#x2026;&#x2026;&#x2026;&#x2026;&#x2026;&#x2026;&#x2026;&#x2026;&#x2026;&#x2026;&#x2026;&#x2026;&#x2026;&#x2026;&#x2026;&#x2026;&#x2026;&#x2026;&#x2026;&#x2026;&#x2026;.<bold><italic>Machairocentron eugeniarguedasae</italic> sp. nov.</bold></p>
<p>Mesal projection apex in dorsal view, with long spines however not curved upward, in lateral view spines shorter than mesal lobe width (<xref ref-type="fig" rid="F4">Fig. 4D</xref>); harpago apex not enlarged with a single row of setae; tergum IX anterior margin with broad concavity (<xref ref-type="fig" rid="F4">Fig. 4B</xref>)&#x2026;&#x2026;&#x2026;&#x2026;&#x2026;&#x2026;<bold><italic>Machairocentron echinatum</italic></bold> (Flint 1981)</p></list-item>
<list-item><label>8(6)</label><p>Apical region of harpago more than 4x basal region length (<xref ref-type="fig" rid="F8">Fig. 8C</xref>); tergum IX dorsal view with a pair of sclerotized transversal lines near the apex; preanal appendages in dorsal view enlarged at the apex; forewing wing without white spots (<xref ref-type="fig" rid="F8">Fig. 8E</xref>)&#x2026;&#x2026;&#x2026;&#x2026;&#x2026;&#x2026;&#x2026;&#x2026;&#x2026;&#x2026;&#x2026;&#x2026;.<bold><italic>Machairocentron lucumon</italic></bold> Schmid 1982</p>
<p>Apical region of harpago less than 3x basal region length (<xref ref-type="fig" rid="F6">Fig. 6C</xref>); tergum IX dorsal view without any sclerotized transversal line near the apex; preanal appendages in dorsal view tapered at the apex; forewing wing with two white spots (<xref ref-type="fig" rid="F6">Fig. 6E</xref>)&#x2026;&#x2026;&#x2026;&#x2026;&#x2026;&#x2026;&#x2026;&#x2026;&#x2026;&#x2026;..<bold><italic>Machairocentron falciforme</italic></bold> Pes &#x0026; Hamada 2013</p></list-item>
</list></p>
</sec>
</body>
<back>
<ack><title>Acknowledgements</title>
<p>This work was supported by the Brazilian National Council for Scientific and Technological Development (CNPq), under Grant 205447/2017-1 and 140267/2016-6. The research was also supported by University of Minnesota Agricultural Experiment Station project AES 17-094. We are grateful for the assistance of the various curators that provided access to specimens: Dr. Daniel H. Janzen (BIOUG); Dr. Owen Lonsdale (CNC); Dr. Daniela M. Takiya (DZRJ); Dr. Eliana M. Cancello (MZSP); Dr. Tobias Malm (NHRS); Dr. Torsten Dikow (USNM) and Dr. Oliver Flint (USNM), in memoriam. We also appreciate the reviewers&#x2019; and the editor&#x2019;s valuable comments and suggestions on our manuscript.</p>
</ack>
<ref-list>
<title>References</title>
<ref id="R000001"><mixed-citation publication-type="book"><person-group person-group-type="author"><string-name><surname>Aguila</surname>, <given-names>Y.</given-names></string-name></person-group> (<year>1992</year>) <chapter-title>Systematic catalogue of the caddisflies of Panama (Trichoptera)</chapter-title>. In: <person-group person-group-type="editor"><string-name><given-names>D</given-names><surname>Quintero</surname></string-name>, <string-name><given-names>A</given-names><surname>Aiello</surname></string-name></person-group> (Eds.) <source>Insects of Panama and Mesoamerica: Selected Studies</source>. <publisher-name>Oxford University Press</publisher-name>, <publisher-loc>Oxford</publisher-loc>, <fpage>532</fpage>&#x2013;<lpage>548</lpage>.</mixed-citation></ref>
<ref id="R000002"><mixed-citation publication-type="journal"><person-group person-group-type="author"><string-name><surname>Armitage</surname>, <given-names>B.J.</given-names></string-name> &#x0026; <string-name><surname>Cornejo</surname>, <given-names>A.</given-names></string-name></person-group> (<year>2015</year>) <article-title>Orden Trichoptera (Insecta) en Panam&#x00E1;: Listas de especies y su distribuci&#x00F3;n por cuencas y unidades administrativas</article-title>. <source>Puente Biol&#x00F3;gico</source> <volume>7</volume>: <fpage>175</fpage>&#x2013;<lpage>199</lpage>.</mixed-citation></ref>
<ref id="R000003"><mixed-citation publication-type="journal"><person-group person-group-type="author"><string-name><surname>Armitage</surname>, <given-names>B.J.</given-names></string-name>, <string-name><surname>Harris</surname>, <given-names>S.C.</given-names></string-name>, <string-name><surname>Arefina-Armitage</surname>, <given-names>T.I.</given-names></string-name> &#x0026; <string-name><surname>Cornejo</surname>, <given-names>A.</given-names></string-name></person-group> (<year>2015</year>) <article-title>The Trichoptera of Panama. III. Updated species list for caddisflies (Insecta: Trichoptera) in the Republic of Panama</article-title>. <source>Insecta Mundi</source> <volume>0442</volume>: <fpage>1</fpage>&#x2013;<lpage>16</lpage>.</mixed-citation></ref>
<ref id="R000004"><mixed-citation publication-type="book"><person-group person-group-type="author"><string-name><surname>Blahnik</surname>, <given-names>R.J.</given-names></string-name>, <string-name><surname>Holzenthal</surname>, <given-names>R.W.</given-names></string-name> &#x0026; <string-name><surname>Prather</surname>, <given-names>A.L.</given-names></string-name></person-group> (<year>2007</year>) <chapter-title>The lactic acid method for clearing Trichoptera genitalia</chapter-title>. In: <person-group person-group-type="editor"><string-name>, <given-names>J.</given-names><surname>Bueno-Soria</surname></string-name>, <string-name>, <given-names>R.</given-names><surname>Barba-&#x00C1;lvarez</surname></string-name>, &#x0026; <string-name>, <given-names>B.</given-names><surname>Armitage</surname></string-name></person-group> (Eds.), <source>Proceedings of the 12th International Symposium on Trichoptera</source>, <publisher-name>The Caddis Press</publisher-name>, <publisher-loc>Columbus, Ohio</publisher-loc>, pp. <fpage>9</fpage>&#x2013;<lpage>14</lpage>.</mixed-citation></ref>
<ref id="R000005"><mixed-citation publication-type="journal"><person-group person-group-type="author"><string-name><surname>Brauer</surname>, <given-names>F.</given-names></string-name></person-group> (<year>1870</year>) <article-title>Ueber <italic>Xiphocentron</italic>. eine neue Hydropsychidengattung. Verhandlungen der Kaiserlich-k&#x00F6;niglichen</article-title>. <source>Zoologischen-Botanischen Gesellschaft in Wien</source> <volume>20</volume>: <fpage>66</fpage>.</mixed-citation></ref>
<ref id="R000006"><mixed-citation publication-type="journal"><person-group person-group-type="author"><string-name><surname>Edwards</surname>, <given-names>S.W.</given-names></string-name></person-group> (<year>1961</year>) <article-title>The immature stages of <italic>Xiphocentron mexico</italic> (Trichoptera)</article-title>. <source>Texas Journal of Science</source> <volume>13</volume>: <fpage>51</fpage>&#x2013;<lpage>56</lpage>.</mixed-citation></ref>
<ref id="R000007"><mixed-citation publication-type="journal"><person-group person-group-type="author"><string-name><surname>Flint</surname>, <given-names>O.S. Jr.</given-names></string-name></person-group> (<year>1968</year>) <article-title>The Caddisflies of Jamaica</article-title>. <source>Bulletin of the Institute of Jamaica, Science Series</source> <volume>19</volume>: <fpage>1</fpage>&#x2013;<lpage>68</lpage>.</mixed-citation></ref>
<ref id="R000008"><mixed-citation publication-type="journal"><person-group person-group-type="author"><string-name><surname>Flint</surname>, <given-names>O.S. Jr.</given-names></string-name></person-group> (<year>1981</year>) <article-title>Studies of Neotropical caddisflies, XXVIII: the Trichoptera of the Rio Lim&#x00F3;n basin, Venezuela</article-title>. <source>Smithsonian Contributions to Zoology</source> <volume>330</volume>: <fpage>1</fpage>&#x2013;<lpage>60</lpage>. doi: <ext-link ext-link-type="doi" xlink:href="https://doi.org/10.5479/si.00810282.330">10.5479/si.00810282.330</ext-link>.</mixed-citation></ref>
<ref id="R000009"><mixed-citation publication-type="journal"><person-group person-group-type="author"><string-name><surname>Flint</surname>, <given-names>O.S. Jr.</given-names></string-name>, <string-name><surname>Holzenthal</surname>, <given-names>R.W.</given-names></string-name> &#x0026; <string-name><surname>Harris</surname>, <given-names>S.C.</given-names></string-name></person-group> (<year>1999</year>) <article-title>Nomenclatural and systematic changes in the Neotropical caddisflies</article-title>. <source>Insecta Mundi</source> <volume>13</volume>: <fpage>73</fpage>&#x2013;<lpage>84</lpage>.</mixed-citation></ref>
<ref id="R000010"><mixed-citation publication-type="journal"><person-group person-group-type="author"><string-name><surname>Holzenthal</surname>, <given-names>R.W.</given-names></string-name> &#x0026; <string-name><surname>Calor</surname>, <given-names>A.R.</given-names></string-name></person-group> (<year>2017</year>) <article-title>Catalog of the Neotropical Trichoptera (Caddisflies)</article-title>. <source>ZooKeys</source> <volume>654</volume>: <fpage>1</fpage>&#x2013;<lpage>566</lpage>. doi: <ext-link ext-link-type="doi" xlink:href="https://doi.org/10.3897/zookeys.654.9516">10.3897/zookeys.654.9516</ext-link>.</mixed-citation></ref>
<ref id="R000011"><mixed-citation publication-type="journal"><person-group person-group-type="author"><string-name><surname>Mosely</surname>, <given-names>M.E.</given-names></string-name></person-group> (<year>1948</year>) <article-title>Trichoptera. Expedition to South-West Arabia 1937-1938</article-title>. <source>British Museum (Natural History)</source> <volume>1</volume>: <fpage>67</fpage>&#x2013;<lpage>86</lpage>.</mixed-citation></ref>
<ref id="R000012"><mixed-citation publication-type="journal"><person-group person-group-type="author"><string-name><surname>Mosely</surname>, <given-names>M.E.</given-names></string-name> &#x0026; <string-name><surname>Kimmins</surname>, <given-names>D.E.</given-names></string-name></person-group> (<year>1953</year>) <article-title>The Trichoptera of Australia and New Zealand</article-title>. <source>Trustees of the British Museum (Natural History), London</source>. doi:<ext-link ext-link-type="doi" xlink:href="https://doi.org/10.5962/bhl.title.118696">10.5962/bhl.title.118696</ext-link>.</mixed-citation></ref>
<ref id="R000013"><mixed-citation publication-type="book"><person-group person-group-type="author"><string-name><surname>Mu&#x00F1;oz-Quesada</surname>, <given-names>F.</given-names></string-name> &#x0026; <string-name><surname>Holzenthal</surname>, <given-names>R.W.</given-names></string-name></person-group> (<year>1997</year>) <chapter-title>A new species of <italic>Xiphocentron</italic> (<italic>Antillotrichia</italic>) from Costa Rica with semiterrestrial immature stages (Trichoptera: Xiphocentronidae)</chapter-title>. In: <person-group person-group-type="editor"><string-name>, <given-names>R.W.</given-names><surname>Holzenthal</surname></string-name>, <string-name>, <given-names>O.S. Jr.</given-names><surname>Flint</surname></string-name></person-group> (Eds.) <source>Proceedings of the 8th International Symposium on Trichoptera</source>. <publisher-name>Columbus</publisher-name>, <publisher-loc>Ohio, Ohio Biological Survey</publisher-loc>. <fpage>355</fpage>&#x2013;<lpage>363</lpage>.</mixed-citation></ref>
<ref id="R000014"><mixed-citation publication-type="journal"><person-group person-group-type="author"><string-name><surname>Nielsen</surname>, <given-names>A.</given-names></string-name></person-group> (<year>1957</year>) <article-title>A comparative study of the genital segments and their appendages in male Trichoptera</article-title>. <source>Biologiske Skrifter, Danske Videnskabernes Selskab</source> <volume>8</volume>(<issue>5</issue>): <fpage>1</fpage>&#x2013;<lpage>159</lpage>.</mixed-citation></ref>
<ref id="R000015"><mixed-citation publication-type="journal"><person-group person-group-type="author"><string-name><surname>Nielsen</surname>, <given-names>A.</given-names></string-name></person-group> (<year>1980</year>) <article-title>A comparative study of the genital segments and the genital chamber in female Trichoptera</article-title>. <source>Kongelige Danske Videnskabernes Selskab Biologiske Skrifter</source> <volume>23</volume>: <fpage>1</fpage>&#x2013;<lpage>200</lpage>.</mixed-citation></ref>
<ref id="R000016"><mixed-citation publication-type="journal"><person-group person-group-type="author"><string-name><surname>Ol&#x00E1;h</surname>, <given-names>J.</given-names></string-name> &#x0026; <string-name><surname>Johanson</surname>, <given-names>K.A.</given-names></string-name></person-group> (<year>2007</year>) <article-title>Trinominal terminology for cephalic setose warts in Trichoptera (Insecta)</article-title>. <source>Braueria</source> <volume>34</volume>: <fpage>43</fpage>&#x2013;<lpage>50</lpage>.</mixed-citation></ref>
<ref id="R000017"><mixed-citation publication-type="journal"><person-group person-group-type="author"><string-name><surname>Paprocki</surname>, <given-names>H.</given-names></string-name> &#x0026; <string-name><surname>Fran&#x00E7;a</surname>, <given-names>D.</given-names></string-name></person-group> (<year>2014</year>) <article-title>Brazilian Trichoptera Checklist II</article-title>. <source>Biodiversity Data Journal</source> <volume>2e1557</volume>: <fpage>1</fpage>&#x2013;<lpage>109</lpage>. doi: <ext-link ext-link-type="doi" xlink:href="https://doi.org/10.3897/BDJ.2.e1557">10.3897/BDJ.2.e1557</ext-link>.</mixed-citation></ref>
<ref id="R000018"><mixed-citation publication-type="journal"><person-group person-group-type="author"><string-name><surname>Pes</surname>, <given-names>A.M</given-names></string-name>, <string-name><surname>Hamada</surname>, <given-names>N.</given-names></string-name> &#x0026; <string-name><surname>Nessimian</surname>, <given-names>J.L.</given-names></string-name></person-group> (<year>2005</year>) <article-title>Chaves de identifica&#x00E7;&#x00E3;o de larvas para fam&#x00ED;lias e g&#x00EA;neros de Trichoptera (Insecta) da Amaz&#x00F4;nia Central, Brasil</article-title>. <source>Revista Brasileira de Entomologia</source> <volume>49</volume>(<issue>2</issue>): <fpage>181</fpage>&#x2013;<lpage>204</lpage>.</mixed-citation></ref>
<ref id="R000019"><mixed-citation publication-type="journal"><person-group person-group-type="author"><string-name><surname>Pes</surname>, <given-names>A.M.</given-names></string-name>, <string-name><surname>Hamada</surname>, <given-names>N.</given-names></string-name>, <string-name><surname>Nessimian</surname>, <given-names>J.L.</given-names></string-name> &#x0026; <string-name><surname>Soares</surname>, <given-names>C.C.</given-names></string-name></person-group> (<year>2013</year>) <article-title>Two new species of Xiphocentronidae (Trichoptera) and their bionomics in Central Amazonia, Brazil</article-title>. <source>Zootaxa</source> <volume>3636</volume>(<issue>4</issue>): <fpage>561</fpage>&#x2013;<lpage>574</lpage>.</mixed-citation></ref>
<ref id="R000020"><mixed-citation publication-type="journal"><person-group person-group-type="author"><string-name><surname>Prather</surname>, <given-names>A.L.</given-names></string-name></person-group> (<year>2003</year>) <article-title>Revision of the Neotropical caddisfly genus <italic>Phylloicus</italic> (Trichoptera: Calamoceratidae)</article-title>. <source>Zootaxa</source> <volume>275</volume>: <fpage>1</fpage>&#x2013;<lpage>214</lpage>.</mixed-citation></ref>
<ref id="R000021"><mixed-citation publication-type="journal"><person-group person-group-type="author"><string-name><surname>R&#x00ED;os-Touma</surname>, <given-names>B.</given-names></string-name>, <string-name><surname>Holzenthal</surname>, <given-names>R.W.</given-names></string-name>, <string-name><surname>Huisman</surname>, <given-names>J.</given-names></string-name>, <string-name><surname>Thomson</surname>, <given-names>R.</given-names></string-name>, &#x0026; <string-name><surname>R&#x00E1;zuri-Gonzales</surname>, <given-names>E.</given-names></string-name></person-group> (<year>2017</year>) <article-title>Diversity and distribution of the caddisflies (Insecta: Trichoptera) of Ecuador</article-title>. <source>PeerJ</source> <volume>5</volume>: e2851: <fpage>1</fpage>&#x2013;<lpage>26</lpage>. doi: <ext-link ext-link-type="doi" xlink:href="https://doi.org/10.7717/peerj.2851">10.7717/peerj.2851</ext-link>.</mixed-citation></ref>
<ref id="R000022"><mixed-citation publication-type="journal"><person-group person-group-type="author"><string-name><surname>Ross</surname>, <given-names>H.H.</given-names></string-name></person-group> (<year>1949</year>) <article-title>Xiphocentronidae, a new family of Trichoptera</article-title>. <source>Entomological News</source> <volume>60</volume>: <fpage>1</fpage>&#x2013;<lpage>7</lpage>.</mixed-citation></ref>
<ref id="R000023"><mixed-citation publication-type="journal"><person-group person-group-type="author"><string-name><surname>Schmid</surname>, <given-names>F.</given-names></string-name></person-group> (<year>1982</year>) <article-title>La famille des Xiphocentronidae (Trichoptera: Annulipalpia)</article-title>. <source>M&#x00E9;moires de la Soci&#x00E9;t Entomologique du Canada</source> <volume>121</volume>: <fpage>1</fpage>&#x2013;<lpage>127</lpage>. doi: <ext-link ext-link-type="doi" xlink:href="https://doi.org/10.4039/entm114121fv">10.4039/entm114121fv</ext-link>.</mixed-citation></ref>
<ref id="R000024"><mixed-citation publication-type="journal"><person-group person-group-type="author"><string-name><surname>Sturm</surname>, <given-names>H.</given-names></string-name></person-group> (<year>1960</year>) <article-title>Die terrestrischen Puppengeh&#x00E4;use von <italic>Xiphocentron sturmi</italic> Ross Xiphocentronidae, Trichoptera)</article-title>. <source>Zoologische Jahrb&#x00FC;cher, Abteilung f&#x00FC;r Systematic kologie und Geographie der Tiere</source> <volume>87</volume>: <fpage>387</fpage>&#x2013;<lpage>394</lpage>.</mixed-citation></ref>
<ref id="R000025"><mixed-citation publication-type="journal"><person-group person-group-type="author"><string-name><surname>Ulmer</surname>, <given-names>G.</given-names></string-name></person-group> (<year>1906</year>) <article-title>Neuer beitrag zur kenntnis aussereurop&#x00E4;ischer Trichopteren</article-title>. <source>Notes from the Leyden Museum</source> <volume>28</volume>: <fpage>1</fpage>&#x2013;<lpage>116</lpage>.</mixed-citation></ref>
<ref id="R000026"><mixed-citation publication-type="book"><person-group person-group-type="author"><string-name><surname>Wiggins</surname>, <given-names>G.B</given-names></string-name></person-group> (<year>1996</year>) <source>Larvae of the North American caddisfly genera (Tichoptera)</source>, <edition>second edition</edition>. <publisher-name>University of Toronto Press</publisher-name>, <publisher-loc>Toronto, Ontario</publisher-loc>, <fpage>457</fpage> pp.</mixed-citation></ref>
</ref-list>
</back>
</article>