<?xml version="1.0" encoding="utf-8"?>
<!DOCTYPE article PUBLIC "-//NLM//DTD JATS (Z39.96) Journal Publishing DTD with MathML3 v1.1 20151215//EN" "http://jats.nlm.nih.gov/publishing/1.1/JATS-journalpublishing1-mathml3.dtd">
<article xmlns:xlink="http://www.w3.org/1999/xlink" dtd-version="1.1" article-type="research-article" xml:lang="eng">
<front>
<journal-meta>
<journal-id journal-id-type="CATS">ISE</journal-id>
<journal-id journal-id-type="eissn">1876-312X</journal-id>
<journal-title-group>
<journal-title>Insect Systematics &#x0026; Evolution</journal-title>
<journal-subtitle>An International Journal of Systematic Entomology</journal-subtitle>
<abbrev-journal-title abbrev-type="ltwa">Insect Syst. Evol.</abbrev-journal-title>
</journal-title-group>
<issn publication-format="print">1399-560X</issn>
<issn publication-format="online">1876-312X</issn>
<publisher>
<publisher-name>Brill</publisher-name>
<publisher-loc>Leiden</publisher-loc>
</publisher>
</journal-meta>
<article-meta>
<article-id pub-id-type="doi">10.1163/1876312X-bja10015</article-id>
<article-categories>
<subj-group subj-group-type="heading"><subject>Articles</subject></subj-group>
</article-categories>
<title-group>
<article-title>A molecular phylogeny of the long-horned bees in the genus <italic>Melissodes</italic> Latreille (Hymenoptera: Apidae: Eucerinae)</article-title>
</title-group>
<contrib-group>
<contrib contrib-type="author"><name><surname>Wright</surname><given-names>Karen W.</given-names></name><xref ref-type="aff" rid="aff00001"/><xref ref-type="aff" rid="aff00002"/><xref ref-type="fn" rid="fn1">&#x002A;</xref></contrib>
<contrib contrib-type="author"><name><surname>Miller</surname><given-names>Kelly B.</given-names></name><xref ref-type="aff" rid="aff00001"/></contrib>
<contrib contrib-type="author"><name><surname>Song</surname><given-names>Hojun</given-names></name><xref ref-type="aff" rid="aff00002"/></contrib>
<aff id="aff00001"><label>1</label>Department of Biology, <institution>University of New Mexico</institution>, Albuquerque, NM, <country>USA</country></aff>
<aff id="aff00002"><label>2</label>Department of Entomology, <institution>Texas A&amp;M University</institution>, College Station, TX, <country>USA</country></aff>
</contrib-group>
<author-notes>
<fn id="fn1"><label>&#x002A;</label><p>Corresponding author, e-mail: <email>kwright@tamu.edu</email></p></fn>
</author-notes>
<pub-date date-type="article" publication-format="online"><day>25</day><month>08</month><year>2020</year></pub-date>
<pub-date date-type="issue" publication-format="online"><day>12</day><month>07</month><year>2021</year></pub-date>
<volume content-type="number">52</volume>
<volume content-type="year">2021</volume>
<issue>4</issue>
<fpage specific-use="PDF" seq="428">428</fpage>
<lpage>443</lpage>
<permissions>
<copyright-statement>&#x00A9; Koninklijke Brill NV, Leiden, 2020</copyright-statement>
<copyright-year>2020</copyright-year>
<copyright-holder>Koninklijke Brill NV incorporates the imprints Brill, Brill Nijhoff, Brill Hotei, Brill Sch&#x00F6;ningh, Brill Fink, Brill mentis, Vandenhoeck &#x0026; Ruprecht, B&#x00F6;hlau Verlag and V&#x0026;R Unipress.</copyright-holder>
</permissions>
<self-uri content-type="pdf" xlink:href="1876312X_052_04_s003_text.pdf"/>
<abstract><title>Abstract</title>
<p>The genus <italic>Melissodes</italic> Latreille in the subfamily Eucerinae (Hymenoptera: Apidae) is a widespread and common group of bees. There are 129 described <italic>Melissodes</italic> species that range throughout the western hemisphere with the center of diversity in the warm deserts of southwestern North America. Despite its widespread nature and importance in agriculture, the evolutionary relationships among the species have never been investigated. Here, we present a molecular phylogeny using five loci for 89 species of <italic>Melissodes</italic> with representatives from all subgenera. We confirm all of the subgeneric delineations constructed by LaBerge, except for a paraphyletic <italic>M.</italic> (<italic>Tachymelissodes</italic>) and the placement of <italic>M.</italic> (<italic>Heliomelissodes</italic>), which renders <italic>M.</italic> (<italic>Eumelissodes</italic>) paraphyletic. We also discuss the unexpected placement of <italic>M. tristis</italic> Cockerell<italic>, M. paucipuncta</italic> LaBerge, <italic>M. dagosus</italic> Cockerell, and <italic>M. pexa</italic> LaBerge. Finally, we combine this analysis with previous data to support the placement of <italic>Melissodes</italic> within the subfamily Eucerinae.</p></abstract>
<kwd-group>
<title>Keywords</title>
<kwd>Anthophila</kwd>
<kwd>Eucerini</kwd>
<kwd>bee phylogeny</kwd>
<kwd>long-horned bees</kwd>
</kwd-group>
<custom-meta-group><custom-meta><meta-name>version</meta-name><meta-value>fulltext</meta-value></custom-meta></custom-meta-group>
</article-meta>
</front>
<body>
<sec id="S1" sec-type="heading-1"><title>Introduction</title>
<p>The genus <italic>Melissodes</italic> Latreille (Apidae: Eucerinae <italic>sensu</italic> <xref ref-type="bibr" rid="R000003">Bossert et al. 2019</xref>) is a diverse genus of medium sized, setaceous bees. It is the second largest genus in the tribe Eucerini with 129 described species ranging from Canada to Argentina. <italic>Melissodes</italic> bees are either solitary or gregarious ground-nesters with most species emerging in mid- to late summer. They are widespread and important pollinators in both natural and agricultural settings and are mentioned as prominent pollinators of sunflower (<xref ref-type="bibr" rid="R000028">Parker et al. 1981</xref>), canola (<xref ref-type="bibr" rid="R000024">Morandin &#x0026; Winston 2005</xref>), cantaloupe (<xref ref-type="bibr" rid="R000039">Winfree et al. 2007</xref>), watermelon (<xref ref-type="bibr" rid="R000014">Kremen et al. 2002</xref>), alfalfa (<xref ref-type="bibr" rid="R000015">LaBerge 1956a</xref>), cotton (<xref ref-type="bibr" rid="R000015">LaBerge 1956a</xref>), coffee (<xref ref-type="bibr" rid="R000013">Jha &#x0026; Vandermeer 2010</xref>), and anecdotally on many other crops. Many of the species are polylectic (able to pollinate plants in two or more families) while others are restricted to Asteraceae pollen hosts and a very few are oligolectic on other plant families (<xref ref-type="bibr" rid="R000040">Wright 2018</xref>). Asteraceae specialization may require physiological (<xref ref-type="bibr" rid="R000026">M&#x00FC;ller &#x0026; Kuhlmann 2008</xref>; <xref ref-type="bibr" rid="R000033">Sedivy et al. 2008</xref>; <xref ref-type="bibr" rid="R000032">Sedivy et al. 2011</xref>; <xref ref-type="bibr" rid="R000037">Williams 2003</xref>) and/or behavioral adaptations (<xref ref-type="bibr" rid="R000005">Cane 2017</xref>), but how this might have influenced the diversification of the genus is not well understood. Although <italic>Melissodes</italic> species are prominent in many agricultural and ecological studies, they are rarely identified below the genus level because of the difficulty in identifying to species. Many of the characters in the current identification keys refer to setal color or placement of apical hair bands (<xref ref-type="bibr" rid="R000015">LaBerge 1956a</xref>, <xref ref-type="bibr" rid="R000016">b</xref>, <xref ref-type="bibr" rid="R000018">1961</xref>), but color may be variable and setae can be missing in older specimens.</p>
<p>The males of many of the species in the tribe have long antennae that typically reach to the metasoma (<xref ref-type="bibr" rid="R000021">Michener 2007</xref>), lending the tribe the common name of &#x2018;long-horned bees&#x2019; (<xref ref-type="fig" rid="F1">Fig. 1</xref>). Distinguishing features that separate <italic>Melissodes</italic> from the rest of the tribe include a narrow or concave anterior lateral margin of the tegulae and simple mandibles. The males have an angular tooth on either side of the pygidial plate and the basitibial plate of the females is obscured by short hairs (<xref ref-type="bibr" rid="R000021">Michener 2007</xref>).</p>
<fig id="F1" position="float"><label>Figure. 1.</label><caption><p>Various species of <italic>Melissodes</italic>. Photo credit: J.S. Wilson</p></caption><graphic xlink:href="1876312X_052_04_s003_text-f0001.jpg"/></fig>
<p>Wallace LaBerge revised this genus in a three-part publication series (<xref ref-type="bibr" rid="R000015">LaBerge 1956a</xref>, <xref ref-type="bibr" rid="R000016">b</xref>, <xref ref-type="bibr" rid="R000018">1961</xref>). In Part I, LaBerge recognized ten subgenera, seven of which were newly described (<xref ref-type="fig" rid="F2">Fig. 2A</xref>). Divisions among the subgenera were made largely according to male genitalic characters. He also recognized that the genus was probably polyphyletic and noted three subgenera, <italic>M.</italic> (<italic>Epimelissodes</italic>) Ashmead<italic>, M.</italic> (<italic>Brachymelissodes</italic>) LaBerge, and <italic>M.</italic> (<italic>Idiomelissodes</italic>) LaBerge, as being in a distinct group (Group 1). These three subgenera were subsequently placed in the genus <italic>Svastra</italic> Holmberg (<xref ref-type="bibr" rid="R000017">LaBerge 1957</xref>; <xref ref-type="bibr" rid="R000022">Michener et al. 1955</xref>; <xref ref-type="bibr" rid="R000025">Moure &#x0026; Michener 1955</xref>). The other seven subgenera (Group 2), along with <italic>M.</italic> (<italic>Callimelissodes</italic>) (see below), are currently recognized as the eight subgenera constituting the genus <italic>Melissodes.</italic></p>
<fig id="F2" position="float"><label>Figure. 2.</label><caption><p>A. Pre-Hennigian phyletic representation of the genus <italic>Melissodes</italic> redrawn from <xref ref-type="bibr" rid="R000015">LaBerge (1956a)</xref>. Originally presented as &#x201C;<xref ref-type="fig" rid="F1">FIG. 1</xref>. Diagrammatic representation of the relationships of the subgenera of <italic>Melissodes</italic> Latreille. The area of each circle indicates the approximate number of species in each subgenus, <italic>Psilomelissodes</italic> being unity. The distances between the perimeters of adjacent circles represent degree of relationship. The subgenera <italic>Epimelissodes, Idiomelissodes</italic> and <italic>Brachymelissodes</italic> form a distinct group and are not closely related to any one of the remaining subgenera.&#x201D; B. Phyletic relationship of the subgenera of <italic>Melissodes</italic> based on 19 characters redrawn from <xref ref-type="bibr" rid="R000018">LaBerge (1961)</xref>. Originally presented as &#x201C;<xref ref-type="fig" rid="F2">FIG. 2</xref>. Dendogram showing the relationships of the subgenera of <italic>Melissodes</italic> Latreille. The lengths of the various lines are of no significance.&#x201D;</p></caption><graphic xlink:href="1876312X_052_04_s003_text-f0002.jpg"/></fig>
<p>LaBerge is credited with the discovery of the synapomorphy that unites the current <italic>Melissodes</italic> and separates it from what is now called <italic>Svastra</italic>; this being the narrow or concave apical edge of the tegulae. The close relationship between <italic>Melissodes</italic> and <italic>Svastra</italic> has long been recognized and several studies using modern molecular techniques found them to be sister taxa (<xref ref-type="bibr" rid="R000007">Cardinal et al. 2010</xref>; <xref ref-type="bibr" rid="R000012">Hedtke et al. 2013</xref>; <xref ref-type="bibr" rid="R000029">Praz &#x0026; Packer 2014</xref>).</p>
<p>In Part I, <xref ref-type="bibr" rid="R000015">LaBerge (1956a)</xref> depicted the relationships of the subgenera in a diagram (<xref ref-type="fig" rid="F2">Fig. 2A</xref>). In LaBerge&#x2019;s estimation, <italic>M.</italic> (<italic>Ecplectica</italic>) Holmberg, the only South American subgenus of Group 2, was the basal group from which <italic>M.</italic> (<italic>Eumelissodes</italic>) LaBerge and <italic>Melissodes</italic> s.s. were derived, and he hypothesized that <italic>M.</italic> (<italic>Apomelissodes</italic>) LaBerge<italic>, M.</italic> (<italic>Tachymelissodes</italic>) LaBerge<italic>, M.</italic> (<italic>Psilomelissodes</italic>) LaBerge, and <italic>M.</italic> (<italic>Heliomelissodes</italic>) LaBerge were all derived from the largest subgenus, <italic>M.</italic> (<italic>Eumelissodes</italic>).</p>
<p>Subsequently, in Part III <xref ref-type="bibr" rid="R000018">LaBerge (1961)</xref> added the subgenus <italic>M.</italic> (<italic>Callimelissodes</italic>) and proposed a new phylogenetic hypothesis based on &#x2018;primitiveness&#x2019; vs. &#x2018;specialization&#x2019; of 19 morphological characters (<xref ref-type="fig" rid="F2">Fig. 2B</xref>). He proposed that while a <italic>M.</italic> (<italic>Eumelissodes</italic>)-like ancestor was possible, the shared specialized characters of the <italic>M.</italic> (<italic>Eumelissodes</italic>) group support an <italic>M.</italic> (<italic>Ecplectica</italic>)-like ancestor with <italic>Melissodes</italic> s.s. derived from <italic>M.</italic> (<italic>Ecplectica</italic>) and the rest forming a separate clade. No further phylogenetic hypothesis has been proposed within this group to date.</p>
<p>While <italic>Melissodes</italic> ranges throughout North and South America, each subgenus has a more restricted distribution (<xref ref-type="fig" rid="F3">Fig. 3</xref>). <italic>Melissodes</italic> (<italic>Ecplectica</italic>) has only ten described species with five in South America, three in the Antillean islands, one species ranging from Panama north to Mexico, and no locality information found for the tenth species. <italic>Melissodes</italic> s.s. has 24 species mostly from southwestern North America (including Mexico), with only five species that occur further north or east, and six species that occur in the Antillean islands (one of which also occurs on the mainland of South America crossing into northern Brazil). <italic>Melissodes</italic> (<italic>Tachymelissodes</italic>) has only four species. Three are in southwestern North America and one is more widespread throughout the western United States, north to Washington. <italic>Melissodes</italic> (<italic>Callimelissodes</italic>), with 14 species, has its center of diversity in the western United States with four species extending east of the Mississippi and two of these also extending south into Mexico. <italic>Melissodes</italic> (<italic>Apomelissodes</italic>) has four species that occur in the eastern United States, with two as far west as Texas. <italic>Melissodes</italic> (<italic>Heliomelissodes</italic>) consists of two species, both with large distributions in North America, one primarily east of the Mississippi and one west of it. <italic>Melissodes</italic> (<italic>Psilomelissodes</italic>) is a monotypic subgenus that is restricted to Texas, Kansas and Nebraska. Finally, the largest subgenus, <italic>M.</italic> (<italic>Eumelissodes</italic>), has 72 described species ranging from British Columbia to Maine and south to Cuba and Panama. Most of the diversity is in the western United States and Mexico with about one third of the species ranging further east, one fifth found further north into Canada, and only two species in Central America, and one in Cuba (<xref ref-type="bibr" rid="R000001">Ascher &#x0026; Pickering 2017</xref>; <xref ref-type="bibr" rid="R000021">Michener 2007</xref>).</p>
<fig id="F3" position="float"><label>Figure. 3.</label><caption><p>Distribution maps of each currently recognized subgenus of <italic>Melissodes</italic>. Maps created in Discover Life (<xref ref-type="bibr" rid="R000001">Ascher &#x0026; Pickering 2017</xref>).</p></caption><graphic xlink:href="1876312X_052_04_s003_text-f0003.jpg"/></fig>
<p>For the tribe Eucerini, <xref ref-type="bibr" rid="R000021">Michener (2007)</xref> listed 33 genera with the acknowledgement that much work was needed to better circumscribe them. Two recent studies investigated the relationships among many of the Eucerinae genera (<xref ref-type="bibr" rid="R000006">Cardinal &#x0026; Danforth 2013</xref>; <xref ref-type="bibr" rid="R000029">Praz &#x0026; Packer 2014</xref>), including <italic>Melissodes.</italic> And most recently, the <italic>Eucera</italic> Scopoli complex has undergone a major reclassification based on molecular and morphological data, in which <xref ref-type="bibr" rid="R000008">Dorchin et al. (2018a)</xref> have reassigned six previously recognized genera to subgeneric status in the genus <italic>Eucera</italic> and erected one new genus (<xref ref-type="bibr" rid="R000009">Dorchin et al. 2018b</xref>). This leaves the tribe Eucerini with 28 genera, <italic>Eucera</italic> being the largest and only cosmopolitan genus. There are three genera that occur only in the eastern hemisphere and the rest are in the western hemisphere. Of the western genera, six span North and South America, fifteen are Neotropical, and only two genera are solely Nearctic. Even though relatively few genera occur in North America as compared to South America, the two largest genera, <italic>Eucera</italic> and <italic>Melissodes</italic>, contain most of the species and are primarily Nearctic.</p>
<p>The two primary objectives of this study are (i) to present the first comprehensive molecular phylogeny of the genus <italic>Melissodes</italic> and test monophyly of the genus and subgenera and (ii) to understand the evolutionary relationships among these groups and contrast them with the groupings proposed by LaBerge (<xref ref-type="bibr" rid="R000015">1956a</xref>, <xref ref-type="bibr" rid="R000018">1961</xref>). This work will provide a framework for the future revision of the genus and a reference for studying the evolution of host plant specialization within this genus.</p>
</sec>
<sec id="S2" sec-type="heading-1"><title>Materials and methods</title>
<sec id="S3" sec-type="heading-2"><title>Taxon sampling</title>
<p>Specimens were either collected by the first author and deposited in the Museum of Southwestern Biology, University of New Mexico, Albuquerque, New Mexico [UNMC] or borrowed from other entomological collections (USDA-ARS Pollinating Insects Research Unit, Logan, Utah [BLCU], K.C. Emerson Museum, Oklahoma State University, Stillwater, Oklahoma [OSEC], Entomology Research Museum, University of California, Riverside, California [UCRC], Museum of Entomology, Universidade Federal de Vicosa, Minas Gerais, Brazil [UFVB], Colleccion de Insectos Asociados a Plantas Cult&#x00ED;vadas en la Frontera Sur, El Colegio del la Frontera Sur, Chiapas, M&#x00E9;xico [CEET], University of Colorado, Boulder, Colorado [UCMC]; Supplementary Table S1).</p>
<p>Our outgroup sampling included one species of <italic>Exomalopsis</italic> Spinola and one species of <italic>Anthophorula</italic> Cockerell in the tribe Exomalopsini. Within Eucerini, we included thirteen species of <italic>Eucera</italic> in five subgenera per <xref ref-type="bibr" rid="R000008">Dorchin et al. (2018a)</xref>; two <italic>Xenoglossa</italic> Smith, three <italic>Xenoglossodes</italic> Ashmead, one <italic>Peponapis</italic> (Say), one <italic>Syntrichalonia</italic> LaBerge, and six <italic>Synhalonia</italic> Patton, as well as one species each of <italic>Martinapis</italic> Cockerell and <italic>Florilegus</italic> (Cresson), and five species of the sister genus <italic>Svastra</italic>.</p>
<p>The ingroup consisted of two of the four species of <italic>M.</italic> (<italic>Apomelissodes</italic>) (50%), twelve of fourteen species of <italic>M.</italic> (<italic>Callimelissodes</italic>) (86%), three of the ten recognized species of <italic>M.</italic> (<italic>Ecplectica</italic>) (30%) plus one undetermined species, 53 of the 72 described species of <italic>M.</italic> (<italic>Eumelissodes</italic>) (74%) plus four undetermined or undescribed species, both species of <italic>M.</italic> (<italic>Heliomelissodes</italic>) (100%), thirteen of 24 <italic>Melissodes</italic> s.s. (54%), the only species of <italic>M.</italic> (<italic>Psilomelissodes</italic>) (100%), and three of the four species of <italic>M.</italic> (<italic>Tachymelissodes</italic>) (75%). This provided a total of 89 of the 129 described species of <italic>Melissodes</italic> (69%) plus 5 undescribed or undetermined taxa. A complete list of taxa and institutions where vouchers were deposited is presented in Supplementary Table S1. All identifications were made or confirmed by the first author using LaBerge&#x2019;s keys (<xref ref-type="bibr" rid="R000015">LaBerge 1956a</xref>, <xref ref-type="bibr" rid="R000016">b</xref>, <xref ref-type="bibr" rid="R000018">1961</xref>) and reference material from the USDA-ARS Pollinating Insects Research Unit in Logan, UT and the American Museum of Natural History in New York, NY.</p>
<p>In addition, DNA sequences from 11 taxa that overlap the breadth of this analysis were acquired from GenBank. These data came from <xref ref-type="bibr" rid="R000006">Cardinal &#x0026; Danforth (2013)</xref> and included a complementary taxon from each of the outgroup taxa in Exomalopsini, as well as five taxa in Tapinotaspidini, Emphorini and Ancylaini, three overlapping taxa within Eucerini, and a single sequence from within <italic>Melissodes</italic>. These additional taxa along with the large number of outgroup taxa included by the authors were used to more strongly place <italic>Melissodes</italic> within the Eucerinae.</p>
<p>We included some specimens that could not be confidently identified. To confirm that the unknown specimens were molecularly distinct, we ran a preliminary phylogenetic analysis in a maximum likelihood framework. We compared the position of the unknown specimens to their sister species on the resulting phylogeny. For the pairs with extremely short or no branch length separating them, we assumed that the unknown specimen was conspecific with its sister and removed it from the analysis. If the branch length separating them was long, comparable to the branch length between known species pairs on the tree, we assumed the specimen represented a distinct taxon and was left in the analysis.</p>
</sec>
<sec id="S4" sec-type="heading-2"><title>Character sampling</title>
<p>DNA was extracted from a single mesothoracic leg using Qiagen DNeasy&#x00AE; Blood and Tissue Kits (Valencia, CA, USA) following the manufacturer&#x2019;s protocol. Polymerase chain reactions (PCR) were performed using an Eppendorf Mastercycler ep gradient S Thermal Cycler&#x00AE; (Eppendorf, Hamburg, Germany) with TaKaRa Amplitaq<sup>TM</sup> (Applied Biosystems, Foster City, CA, USA). Various primers and temperature regimes were used to amplify five gene fragments including a fragment of mitochondrial DNA spanning cytochrome <italic>c</italic> oxidase I (791 aligned base pairs [bps]), tRNA-Leucine (132 bps), and cytochrome <italic>c</italic> oxidase II (251 bps) and four nuclear gene fragments. The nuclear loci were RNA polymerase II (839 bps), arginine kinase (547 bps) with one intron (445 bps), the F2 copy of elongation factor 1-alpha (730 bps) with one intron (281 bps), and opsin (421 bps) with two introns (908 bps). See Supplementary Table S2 for a list of primers. In a few cases, introns were removed, usually from genera far removed from <italic>Melissodes</italic> that could not be aligned.</p>
<p>For the taxa from <xref ref-type="bibr" rid="R000006">Cardinal &#x0026; Danforth (2013)</xref> we used six loci from the <xref ref-type="bibr" rid="R000006">Cardinal &#x0026; Danforth (2013)</xref> study; three of which overlapped with the current analysis (EF1a, Opsin, and PolII) and an additional three; 18S (782 bps), NaK (1,460 bps), and Wingless (455 bps) that did not.</p>
<p>PCR amplicons were visualized using gel electrophoresis, cleaned with ExoSAP-IT<sup>TM</sup> (USB-Affymetrix, Cleveland, OH, USA), purified with Sephadex&#x00AE; G-50 (GE Healthcare, Uppsala, Sweden) to prepare for sequencing using ABI Prism Big Dye<sup>TM</sup> (v3.1; Invitrogen, Fairfax, VA, USA). Sequencing was conducted with an ABI 3130xl Genetic Analyzer (Applied Biosystems, Foster City, CA, USA) in the Biology Department of the University of New Mexico. We sequenced the amplicons in both directions (see Supplementary Table S1 for fragments that were only successful in a single direction) and the resulting data were edited in Sequencher&#x00AE; (Gene Codes 1999).</p>
</sec>
<sec id="S5" sec-type="heading-2"><title>Data analysis</title>
<p>Individual gene sequences were aligned using MUSCLE (<xref ref-type="bibr" rid="R000010">Edgar 2004</xref>) implemented in MEGA6 (<xref ref-type="bibr" rid="R000036">Tamura et al. 2011</xref>) using default parameters. Introns were only problematic in a few cases and sections were removed only when alignment was ambiguous (GenBank sequences were complete). Gaps were treated as missing data. All eight aligned loci were concatenated and organized in Mesquite (<xref ref-type="bibr" rid="R000020">Maddison &#x0026; Maddison 2018</xref>). In cases where multiple sequences for the same species were amplified and the combination of those sequences created a longer fragment than each alone, these fragments were made into contigs that were used in the final analysis, but only if there were no base pair differences in the sections that did overlap. This treatment resulted in a total of 5,345 bps from our own data and 8,059 total bps including Cardinal &#x0026; Danforth data (6,293 coding, 1,634 intron, and 132 tRNA). All sequences were submitted to GenBank (Supplementary Table S1).</p>
<p>PartitionFinder (<xref ref-type="bibr" rid="R000019">Lanfear et al. 2012</xref>) was used for model selection and finding the best-fit partitioning scheme. Both mitochondrial and nuclear protein-coding genes were partitioned by codon positions. Introns, tRNA, and 18S rRNA were treated as single data blocks, resulting in a total of 42 data blocks. The greedy search algorithm was used to find the best-fit scheme, which was determined by the Bayesian Information Criterion (BIC), implemented in PartitionFinder. PartitionFinder suggested 8 partitions, which were used for all subsequent analyses. Maximum Likelihood (ML) and Bayesian analyses (BA) were run in RAxML 7.2.8 (<xref ref-type="bibr" rid="R000034">Stamatakis et al. 2008</xref>) and MrBayes V3.2.6 (<xref ref-type="bibr" rid="R000031">Ronquist et al. 2012</xref>), respectively on XSEDE (Extreme Science and Engineering Discovery Environment, <uri xlink:href="https://www.xsede.org">https://www.xsede.org</uri>) through the CIPRES Science Gateway (<xref ref-type="bibr" rid="R000023">Miller et al. 2011</xref>). For the ML analyses, we used the best-fit partitioning scheme recommended by PartitionFinder with the GTRCAT model applied to each partition and nodal support was evaluated using 1,000 replications of rapid bootstrapping implemented in RAxML. For the BA analyses, we also used the best-fit partitioning scheme and partition-specific models recommended by PartitionFinder and default priors, and two independent analyses were conducted each with four runs with four chains each for 100 million generations, sampling every 2,500 generations. We plotted the likelihood trace for each run to assess convergence in Tracer V1.6 (<xref ref-type="bibr" rid="R000030">Rambaut et al. 2014</xref>), and discarded an average of 25% of each run as burn-in. The alignment and newick trees for both the ML and BA analyses were deposited in Mendeley (<xref ref-type="bibr" rid="R000041">Wright 2019</xref>, doi: <ext-link ext-link-type="doi" xlink:href="https://doi.org/10.17632/zjrrwkcbzd.1">10.17632/zjrrwkcbzd.1</ext-link>). Additional trees were inferred excluding the data from <xref ref-type="bibr" rid="R000006">Cardinal &#x0026; Danforth (2013)</xref> with no effect on the topology of the trees.</p>
</sec>
</sec>
<sec id="S6" sec-type="heading-1"><title>Results</title>
<sec id="S7" sec-type="heading-2"><title>Phylogenetic relationships among outgroups</title>
<p>All tribal relationships were consistent with the phylogeny of <xref ref-type="bibr" rid="R000006">Cardinal &#x0026; Danforth (2013)</xref>. Within Eucerini, <italic>Svastra</italic> was sister to <italic>Melissodes</italic>. <italic>Martinapis</italic> was sister to <italic>Melissodes</italic> + <italic>Svastra</italic> and the <italic>Eucera</italic> complex was sister to the larger clade. <italic>Florilegus</italic> + <italic>Svastrina</italic> were sister to the remainder of the Eucerini. The ML tree (<xref ref-type="fig" rid="F4">Fig. 4</xref>) and the BA (Supplementary Material) consensus tree were in agreement except for the placement of <italic>Syntrichalonia.</italic> The ML tree placed <italic>Syntrichalonia</italic> as sister to the <italic>Synhalonia</italic> + <italic>Eucera</italic> clade whereas the BA tree placed it as sister to the entire <italic>Eucera</italic> complex.</p>
<fig id="F4" position="float"><label>Figure. 4.</label><caption><p>Maximum Likelihood tree of outgroups with bootstrap support values. Taxa within the <italic>Eucera</italic> complex now represent subgenera of <italic>Eucera</italic> (<xref ref-type="bibr" rid="R000008">Dorchin et al. 2018a</xref>).</p></caption><graphic xlink:href="1876312X_052_04_s003_text-f0004.jpg"/></fig></sec>
<sec id="S8" sec-type="heading-2"><title>Phylogeny of Melissodes</title>
<p>We recovered the genus <italic>Melissodes</italic> as monophyletic (<xref ref-type="fig" rid="F5">Fig. 5</xref>). In terms of subgenera, <italic>M.</italic> (<italic>Apomelissodes</italic>), <italic>Melissodes</italic> s.s.<italic>, M.</italic> (<italic>Ecplectica</italic>), <italic>M.</italic> (<italic>Callimelissodes</italic>), and <italic>M.</italic> (<italic>Heliomelissodes</italic>) were found to be monophyletic, while <italic>M.</italic> (<italic>Tachymelissodes</italic>) and <italic>M.</italic> (<italic>Eumelissodes</italic>) were paraphyletic. <italic>Melissodes</italic> (<italic>Psilomelissodes</italic>), which is monotypic, was found near the base of <italic>Melissodes</italic>. The earliest diverging lineage within <italic>Melissodes</italic> was a clade that consisted of <italic>M.</italic> (<italic>Eumelissodes</italic>) <italic>paucipuncta</italic> LaBerge, <italic>M.</italic> (<italic>Psilomelissodes</italic>), and two species of <italic>M.</italic> (<italic>Tachymelissodes</italic>). Next was a clade that consisted on <italic>M.</italic> (<italic>Apomelissodes</italic>) and <italic>M.</italic> (<italic>Tachymelissodes</italic>) <italic>dagosus</italic> Cockerell. The remaining species within the genus consisted of two large clades, one formed by <italic>Melissodes</italic> s.s. and <italic>M.</italic> (<italic>Ecplectica</italic>), another formed by <italic>M.</italic> (<italic>Callimelissodes</italic>), most of <italic>M.</italic> (<italic>Eumelissodes</italic>), and <italic>M.</italic> (<italic>Heliomelissodes</italic>). <italic>Melissodes</italic> (<italic>Heliomelissodes</italic>) was nested within <italic>M.</italic> (<italic>Eumelissodes</italic>) rendering <italic>M.</italic> (<italic>Eumelissodes</italic>) paraphyletic.</p>
<fig id="F5" position="float"><label>Figure. 5.</label><caption><p>Maximum Likelihood tree of <italic>Melissodes</italic> with bootstrap support values (only shown &#x003E;50). Paraphyletic taxa are indicated with &#x002A;. Subgenera are color coded (Dark blue = <italic>M.</italic> (<italic>Eumelissodes</italic>), light purple = <italic>M.</italic> (<italic>Callimelissodes</italic>), green = <italic>M.</italic> (<italic>Heliomelissodes</italic>), orange = <italic>Melissodes</italic> s.s., teal = <italic>M.</italic> (<italic>Ecplectica</italic>), dark plum = <italic>M.</italic> (<italic>Apomelissodes</italic>), red = <italic>M.</italic> (<italic>Tachymelissodes</italic>), turquoise = <italic>M.</italic> (<italic>Psilomelissodes</italic>).</p></caption><graphic xlink:href="1876312X_052_04_s003_text-f0005.jpg"/></fig>
<p>Within <italic>Melissodes</italic>, the species were largely resolved into the subgenera delimited by LaBerge with few exceptions. <italic>M.</italic> (<italic>Eumelissodes</italic>) <italic>paucipuncta</italic> LaBerge was placed sister to <italic>M.</italic> (<italic>Psilomelissodes</italic>) + <italic>M.</italic> (<italic>Tachymelissodes</italic>) with strong nodal support. <italic>Melissodes</italic> (<italic>Tachymelissodes</italic>) <italic>dagosus</italic> Cockerell was placed as sister to <italic>M.</italic> (<italic>Apomelissodes</italic>). Finally, <italic>M.</italic> (<italic>Eumelissodes</italic>) <italic>pexa</italic> LaBerge and <italic>M.</italic> (<italic>Eumelissodes</italic>) <italic>tristis</italic> were both placed basal to <italic>M.</italic> (<italic>Callimelissodes</italic>) + <italic>M.</italic> (<italic>Eumelissodes</italic>), but with low support values. The unexpected placement of these four species was consistent in both the ML and BA trees.</p>
<p>The relationships among the species within each subgenus varied somewhat in the ML and the BA trees. In <italic>M.</italic> (<italic>Callimelissodes), M. clarkiea</italic> LaBerge was sister to <italic>M. metenuus</italic> Cockerell in the BA analysis, but these formed a comb in the ML analysis. In <italic>Melissodes</italic> s.s. the relationships were more resolved with <italic>M. comptoides</italic> Robertson sister to <italic>M. thelypodii</italic> Cockerell and <italic>M. colliciatus</italic> Cockerell sister to <italic>M. morrilli</italic> Cockerell. In <italic>M.</italic> (<italic>Eumelissodes</italic>), many small clades were consistent between the ML and BA analyses, but the relationships among these clades were inconclusive along the backbone. The ML tree was slightly more resolved (18 sister species in ML versus 17 in BA) in this subgenus. Of these sister species combinations, 13 were the same in both analyses.</p>
<p>More morphological similarities united the sister species combinations in the ML analysis compared to the BA analysis. As examples, <italic>M. colliciatus</italic> and <italic>M. morrilli</italic> both have very sparse branching on their scopae, <italic>M. micheneri</italic> LaBerge and <italic>M. moorei</italic> Cockerell both have sharply acute triangular pygidial plates and tessellate galea in the females, and finally <italic>M. lutulentus</italic> LaBerge and <italic>M. pallidisignatus</italic> Cockerell both have irregular size and spacing of punctures in the T2 interband region. Because of these morphological similarities as well as the slightly better resolution, we present the ML analysis here (<xref ref-type="fig" rid="F5">Fig. 5</xref>).</p>
</sec>
</sec>
<sec id="S9" sec-type="heading-1"><title>Discussion</title>
<p>This study represents the first comprehensive molecular phylogeny of the long-horned bee genus <italic>Melissodes</italic>. Few papers have been published on the Eucerinae in general. <xref ref-type="bibr" rid="R000006">Cardinal &#x0026; Danforth (2013)</xref> presented a Bayesian phylogeny of all bees that included four eucerine representatives (including one <italic>Melissodes</italic>) that placed Eucerini sister to Ancylaini. All relationships among taxa in the current study and in <xref ref-type="bibr" rid="R000006">Cardinal &#x0026; Danforth (2013)</xref> are equivalent, which is not suprising considering we used some of their data. In 2014, Praz &#x0026; Packer presented a more in depth look at the Ancylaini and its relationship to Eucerini, which included 13 eucerine genera (again with one <italic>Melissodes</italic>). The relationships among taxa that are included in both this study and Praz &#x0026; Packer are congruent except for the placement of <italic>Tetraloniella</italic> relative to <italic>Eucera</italic>. Finally, <xref ref-type="bibr" rid="R000008">Dorchin et al. (2018a)</xref> provided a thorough revision of the <italic>Eucera</italic> complex, sinking many genera to subgeneric standing and erecting one new genus (<xref ref-type="bibr" rid="R000009">Dorchin et al. 2018b</xref>). The Dorchin et al. study (2018a) included eight eucerine genera with four representatives of <italic>Melissodes</italic>. Both the <xref ref-type="bibr" rid="R000008">Dorchin et al. (2018a)</xref> tree and the ML tree from this study place <italic>Syntrichalonia</italic> as sister to the <italic>Eucera</italic> + <italic>Synhalonia</italic> subgenera, whereas the BA tree from this study places it outside the entire <italic>Eucera</italic> complex.</p>
<p>The sister relationship among the subgenera <italic>M.</italic> (<italic>Ecplectica</italic>) and <italic>Melissodes</italic> s.s. is not surprising, however the original assessment of LaBerge (<xref ref-type="bibr" rid="R000015">1956a</xref>, <xref ref-type="bibr" rid="R000018">1961</xref>) that these subgenera are basal to all other <italic>Melissodes</italic> is not supported in these analyses. Instead, <italic>M.</italic> (<italic>Tachymelissodes</italic>), <italic>M.</italic> (<italic>Apomelissodes</italic>), <italic>M.</italic> (<italic>Psilomelissodes</italic>) and <italic>M.</italic> (<italic>Eumelissodes</italic>) <italic>paucipuncta</italic> comprise the clades sister to the remaining subgenera. The subgenera <italic>Melissodes</italic> s.s.<italic>, M.</italic> (<italic>Ecplectica</italic>), and <italic>M.</italic> (<italic>Callimelissodes</italic>) are each monophyletic with strong support with <italic>Melissodes</italic> s.s. + <italic>M.</italic> (<italic>Ecplectica</italic>) sister to <italic>M.</italic> (<italic>Callimelissodes</italic>) + <italic>M.</italic> (<italic>Eumelissodes</italic>). The subgenus <italic>M.</italic> (<italic>Heliomelissodes</italic>) is monophyletic, but renders <italic>M.</italic> (<italic>Eumelissodes</italic>) paraphyletic and in the next generic revision, should be synonymized with <italic>M.</italic> (<italic>Eumelissodes</italic>).</p>
<p>Although the pre-Hennigian approach that LaBerge used was inadequate for inferring the relationships among the subgenera, his placement of most species in their respective subgenera is consistent with this phylogeny with a few exceptions. <italic>Melissodes</italic> (<italic>Eumelissodes</italic>) <italic>paucipuncta</italic> is morphologically quite distinct with very sparse punctures and the males have much shorter antennae than typical <italic>M.</italic> (<italic>Eumelissodes</italic>). The placement of this species with <italic>M</italic>. (<italic>Psilomelissodes</italic>) <italic>intortus</italic> Cresson, <italic>M.</italic> (<italic>Tachymelissodes</italic>) <italic>opuntiellus</italic> Cockerell and <italic>M.</italic> (<italic>T</italic>.) <italic>sphaeralceae</italic> Cockerell is morphologically consistent as these three species also have short male antennae. The placement of <italic>M</italic>. (<italic>Tachymelissodes</italic>) <italic>dagosus</italic> with <italic>M.</italic> (<italic>Apomelissodes</italic>) rather than the two other <italic>M.</italic> (<italic>Tachymelissodes</italic>) is surprising because of its western distribution whereas all the other <italic>M.</italic> (<italic>Apomelissodes</italic>) are eastern. However, the apical hair bands and protruding clypeus place it with <italic>M.</italic> (<italic>Apomelissodes</italic>) whereas the male antennal length is short and contradicts this placement. These two small clades are relatively well supported and, in a future revision, will require a more thorough study of their morphologies.</p>
<p><italic>Melissodes</italic> (<italic>Eumelissodes</italic>) <italic>tristis</italic> and <italic>M.</italic> (<italic>Eumelissodes</italic>) <italic>pexa</italic> were unexpectedly placed as sister to <italic>M.</italic> (<italic>Eumelissodes</italic>) + <italic>M.</italic> (<italic>Callimelissodes</italic>). <italic>Melissodes</italic> (<italic>Eumelissodes</italic>) <italic>tristis</italic> is a widespread and morphologically distinctive species. It is a hyper-generalist, collecting pollen from at least 26 genera in 13 plant families (<xref ref-type="bibr" rid="R000040">Wright 2018</xref>). The females have a broadly hyaline apical edge on T1, a single row of dark erect hairs posterior to the apical hair band on T3, few to no punctures in the interband zone of T2 and the disc of the scutellum, and a shiny boss on the clypeus. In the males, the antennal configuration is consistent with <italic>M.</italic> (<italic>Eumelissodes</italic>) but the clypeus is entirely dark and they do not share the synapomorphic <italic>M.</italic> (<italic>Callimelissodes</italic>) trait of having a broadly convex hyaline apical edge of S4. Nor does <italic>M. tristis</italic> share the ecological trait of oligolecty on Asteraceae as are many of the <italic>M.</italic> (<italic>Callimelissodes</italic>) and <italic>M.</italic> (<italic>Eumelissodes</italic>). Instead, its dietary patterns are more consistent with those of a broad generalist, as are most of the <italic>Melissodes</italic> s.s. (<xref ref-type="bibr" rid="R000040">Wright 2018</xref>). Finally, <italic>Melissodes</italic> (<italic>E</italic>.) <italic>pexa</italic> is a morphologically typical but rare species with very little known about its biology. Retention of these two species in <italic>M.</italic> (<italic>Eumelissodes</italic>) would render it paraphyletic but the support for these two nodes is not strong, and without other compelling information, it would be premature to make any taxonomic changes based on molecular evidence alone.</p>
<p>Most likely &#x2018;nspwhite&#x2019;, &#x2018;mystery&#x2019;, &#x2018;affpersonatellus&#x2019; and &#x2018;unk15&#x2019; represent undescribed species because they are morphologically distinct from the known species. &#x2018;Ec_sp&#x2019; and &#x2018;Unk11&#x2019; may be described species, but we could not confirm the species identifications because of lack of reference material or lack of setae, respectively. Type specimens of <italic>M.</italic> (<italic>Ecplectica</italic>) and a group of small morphologically similar <italic>M.</italic> (<italic>Eumelissodes</italic>) would have to be examined to confirm this, but revisionary work was deemed outside the scope of this study.</p>
<p>Although individual small clades within <italic>M.</italic> (<italic>Eumelissodes</italic>) are well supported and consistent between the ML (<xref ref-type="fig" rid="F4">Fig. 4</xref>) and the BA (Supplementary Figure S1) analyses, the backbone is poorly supported and the relationships among the smaller clades are unresolved.</p>
<p>Combining results from <xref ref-type="bibr" rid="R000006">Cardinal &#x0026; Danforth (2013)</xref>, <xref ref-type="bibr" rid="R000029">Praz &#x0026; Packer (2014)</xref>, <xref ref-type="bibr" rid="R000008">Dorchin et al. (2018a)</xref> and this study, a comprehensive picture of the tribe Eucerini and its placement within the larger Eucerinae is coming to light. A meta-analysis combining all these data with exemplars from <italic>Gaesischia</italic> and <italic>Cubitalia</italic> and denser taxon sampling for <italic>Svastra, Melissoptila, Thygater</italic>, and <italic>Alloscirtetica</italic> would more fully round out our understanding of the tribe Eucerini.</p>
<p>According to the divergence time estimate analysis by <xref ref-type="bibr" rid="R000006">Cardinal &#x0026; Danforth (2013)</xref>, the <italic>Melissodes</italic> + <italic>Svastra</italic> clade diverged from the <italic>Eucera</italic> clade 13.74 million years ago. If we accept this value, we can infer that <italic>Melissodes</italic> represents a very young radiation that occurred from the Middle to Late Miocene. This was a period of great change in North America. Although the timing of major events such as mountain, grassland and desert formation in North America are still debated, it is clear that during the Miocene, North America saw major changes including increased aridity and cooler temperatures (<xref ref-type="bibr" rid="R000038">Wilson &#x0026; Pitts 2010</xref>). The grasslands of North America may have started as patchy, isolated habitats as early as the Early-Middle Eocene, but the expansive grasslands that are notable today, may have formed as late as the Middle-Late Miocene (<xref ref-type="bibr" rid="R000035">Str&#x00F6;mberg 2011</xref>). Also, the warm deserts of southwestern North America may have formed as recently as 10,000 years ago (<xref ref-type="bibr" rid="R000038">Wilson &#x0026; Pitts 2010</xref>). Although the Asteraceae groups that thrive in these habitat types evolved much earlier, both the North American Clade of Astereae (<xref ref-type="bibr" rid="R000004">Brouillet et al. 2009</xref>; <xref ref-type="bibr" rid="R000027">Noyes &#x0026; Rieseberg 1999</xref>) and the Helianthus Alliance (<xref ref-type="bibr" rid="R000002">Baldwin 2009</xref>) have similar patterns of a North American origin with disjunct distributions in South America. In fact, analyses of both groups point to a southwestern origin in the warm deserts of North America with a rapid Oligocene-Early Miocene diversification (<xref ref-type="bibr" rid="R000011">Funk et al. 2009</xref>). The grasslands and arid regions, where Asteraceae thrive, were patchy and probably ephemeral as drier climates allowed grasslands and parklands to expand while the forests contracted (<xref ref-type="bibr" rid="R000035">Str&#x00F6;mberg 2011</xref>). These collectively suggest that the diversification of <italic>Melissodes</italic> followed the formation of the North American deserts and grasslands and the diversification of the two largest North American clades of Asteraceae. The information gained in this study can be used as a basis for future studies on the evolution of this group of important pollinators.</p>
</sec>
</body>
<back>
<ack><title>Acknowledgements</title>
<p>We would like to thank the many collection managers, curators, professors and graduate students who collected, loaned or donated specimens that contributed to this study. We would especially like to thank Terry Griswold and Harold Ikerd of the USDA-ARS Pollinating Insects Research Unit in Logan, UT and John Ascher and Eli Wyman of the American Museum of Natural History in New York, NY and Doug Yanega at University of California, Riverside, CA. The fieldwork was made more memorable, enjoyable and productive because of Heidi Hopkins. Keng-Lou James Hung&#x2019;s voluntary field efforts contributed valuable DNA quality specimens from California. This research was funded in part by the National Science Foundation&#x2019;s Doctoral Dissertation Improvement Grant (DEB-1402113), the Sevilleta Long-Term Ecological Research Program summer support for graduate students, The University of New Mexico&#x2019;s Biology Scholarship Award for Excellence, the Harry Wayne Springfield Scholarship, and the University of New Mexico Graduate and Professional Student Association. The authors have no conflicts of interest in publishing this manuscript.</p>
</ack>
<sec id="S10" sec-type="heading-1"><title>Supplementary material</title>
<p>Supplementary material is available online at: <ext-link ext-link-type="doi" xlink:href="https://doi.org/10.6084/m9.figshare.12721193">https://doi.org/10.6084/m9.figshare.12721193</ext-link></p>
</sec>
<ref-list>
<title>References</title>
<ref id="R000001"><mixed-citation publication-type="data"><person-group person-group-type="author"><string-name><surname>Ascher</surname>, <given-names>J.S.</given-names></string-name> &#x0026; <string-name><surname>Pickering</surname>, <given-names>J.</given-names></string-name></person-group> (<year>2017</year>) <article-title>Discover life bee species guide and world checklist (Hymenoptera: Apoidea: Anthophila)</article-title>. <uri xlink:href="http://ww.discoverlife.org/mp/20q?guide=Apoidea_species">ww.discoverlife.org/mp/20q?guide=Apoidea_species</uri> (accessed 15 August 2016).</mixed-citation></ref>
<ref id="R000002"><mixed-citation publication-type="book"><person-group person-group-type="author"><string-name><surname>Baldwin</surname>, <given-names>B.G.</given-names></string-name></person-group> (<year>2009</year>) <chapter-title>Heliantheae Alliance</chapter-title>. In: <person-group person-group-type="editor"><string-name>, <given-names>V.A.</given-names><surname>Funk</surname></string-name>, <string-name>, <given-names>A.</given-names><surname>Susanna</surname></string-name>, <string-name>, <given-names>T.F.</given-names><surname>Stuessy</surname></string-name> &#x0026; <string-name>, <given-names>R.J.</given-names><surname>Bayer</surname></string-name></person-group> (eds.) <source>Systematics, evolution, and biogeography of Compositae</source>. <publisher-loc>Vienna, Austria</publisher-loc>: <publisher-name>International Association for Plant Taxonomy</publisher-name>: pp. <fpage>689</fpage>&#x2013;<lpage>707</lpage>.</mixed-citation></ref>
<ref id="R000003"><mixed-citation publication-type="journal"><person-group person-group-type="author"><string-name><surname>Bossert</surname>, <given-names>S.</given-names></string-name>, <string-name><surname>Murray</surname>, <given-names>E.A.</given-names></string-name>, <string-name><surname>Almeida</surname>, <given-names>E.A.B.</given-names></string-name>, <string-name><surname>Brady</surname>, <given-names>S.G.</given-names></string-name>, <string-name><surname>Blaimer</surname>, <given-names>B.B.</given-names></string-name>, &#x0026; <string-name><surname>Danforth</surname>, <given-names>B.N.</given-names></string-name></person-group> <year>2019</year>. <article-title>Combining transcriptomes and ultraconserved elements to illuminate the phylogeny of Apidae</article-title>. <source>Molecular Phylogenetics and Evolution</source> <volume>130</volume>:<fpage>121</fpage>&#x2013;<lpage>131</lpage>.<comment>m</comment>.</mixed-citation></ref>
<ref id="R000004"><mixed-citation publication-type="book"><person-group person-group-type="author"><string-name><surname>Brouillet</surname>, <given-names>L.</given-names></string-name>, <string-name><surname>Lowrey</surname>, <given-names>T.K.</given-names></string-name>, <string-name><surname>Urbatsch</surname>, <given-names>L.</given-names></string-name>, <string-name><surname>Karaman-Castro</surname>, <given-names>G.</given-names></string-name>, <string-name><surname>Sancho</surname>, <given-names>G.</given-names></string-name>, <string-name><surname>Wagstaff</surname>, <given-names>S.</given-names></string-name>, &#x0026; <string-name><surname>Semple</surname>, <given-names>J.C.</given-names></string-name></person-group> (<year>2009</year>) <chapter-title>Astereae</chapter-title>. In: <person-group person-group-type="editor"><string-name>, <given-names>V.A.</given-names><surname>Funk</surname></string-name>, <string-name>, <given-names>A.</given-names><surname>Susanna</surname></string-name>, <string-name>, <given-names>T.F.</given-names><surname>Stuessy</surname></string-name> &#x0026; <string-name>, <given-names>R.J.</given-names><surname>Bayer</surname></string-name></person-group> (eds.) <source>Systematics, evolution, and biogeography of Compositae</source>. <publisher-loc>Vienna, Austria</publisher-loc>: <publisher-name>International Association for Plant Taxonomy</publisher-name>: pp. <fpage>589</fpage>&#x2013;<lpage>629</lpage>.</mixed-citation></ref>
<ref id="R000005"><mixed-citation publication-type="journal"><person-group person-group-type="author"><string-name><surname>Cane</surname>, <given-names>J.H.</given-names></string-name></person-group> (<year>2017</year>) <article-title>Specialist bees collect Asteraceae pollen by distinctive abdominal drumming (<italic>Osmia</italic>) or tapping (<italic>Melissodes, Svastra</italic>)</article-title>. <source>Arthropod-Plant Interactions</source> <volume>11</volume>: <fpage>257</fpage>&#x2013;<lpage>261</lpage>.</mixed-citation></ref>
<ref id="R000006"><mixed-citation publication-type="journal"><person-group person-group-type="author"><string-name><surname>Cardinal</surname>, <given-names>S.</given-names></string-name> &#x0026; <string-name><surname>Danforth</surname>, <given-names>B.N.</given-names></string-name></person-group> (<year>2013</year>) <article-title>Bees diversified in the age of eudicots</article-title>. <source>Proceedings Biological Sciences</source> <volume>280</volume>(<issue>1755</issue>), <fpage>20122686</fpage>. <ext-link ext-link-type="doi" xlink:href="https://doi.org/10.1098/rspb.2012.2686">https://doi.org/10.1098/rspb.2012.2686</ext-link>.</mixed-citation></ref>
<ref id="R000007"><mixed-citation publication-type="journal"><person-group person-group-type="author"><string-name><surname>Cardinal</surname>, <given-names>S.</given-names></string-name>, <string-name><surname>Straka</surname>, <given-names>J.</given-names></string-name> &#x0026; <string-name><surname>Danforth</surname>, <given-names>B.N.</given-names></string-name></person-group> (<year>2010</year>). <article-title>Comprehensive phylogeny of apid bees reveals the evolutionary origins and antiquity of cleptoparasitism</article-title>. <source>PNAS</source> <volume>107</volume> (<issue>37</issue>) <fpage>16207</fpage>&#x2013;<lpage>16211</lpage>.</mixed-citation></ref>
<ref id="R000008"><mixed-citation publication-type="journal"><person-group person-group-type="author"><string-name><surname>Dorchin</surname>, <given-names>A.</given-names></string-name>, <string-name><surname>L&#x00F3;pez-Uribe</surname>, <given-names>M.M.</given-names></string-name>, <string-name><surname>Praz</surname>, <given-names>C.J.</given-names></string-name>, <string-name><surname>Griswold</surname>, <given-names>T.</given-names></string-name> &#x0026; <string-name><surname>Danforth</surname>, <given-names>B.N.</given-names></string-name></person-group> (<year>2018a</year>) <article-title>Phylogeny, new generic-level classification, and historical biogeography of the Eucera complex (Hymenoptera: Apidae)</article-title>. <source>Molecular Phylogenetics and Evolution</source> <volume>119</volume>: <fpage>81</fpage>&#x2013;<lpage>92</lpage>.</mixed-citation></ref>
<ref id="R000009"><mixed-citation publication-type="journal"><person-group person-group-type="author"><string-name><surname>Dorchin</surname>, <given-names>A.</given-names></string-name>, <string-name><surname>Danforth</surname>, <given-names>B.N.</given-names></string-name> &#x0026; <string-name><surname>Griswold</surname>, <given-names>T.</given-names></string-name></person-group> (<year>2018b</year>) <article-title>A new genus of eucerine bees endemic to southwestern North America revealed in phylogenetic analyses of the <italic>Eucera</italic> complex (Hymenoptera: Apidae: Eucerini)</article-title>. <source>Arthropod Systematics and Phylogeny</source> <volume>76</volume>(<issue>2</issue>): <fpage>215</fpage>&#x2013;<lpage>234</lpage>.</mixed-citation></ref>
<ref id="R000010"><mixed-citation publication-type="journal"><person-group person-group-type="author"><string-name><surname>Edgar</surname>, <given-names>R.C.</given-names></string-name></person-group> (<year>2004</year>) <article-title>MUSCLE: Multiple sequence alignment with high accuracy and high throughput</article-title>. <source>Nucleic Acids Research</source> <volume>32</volume>(<issue>5</issue>): <fpage>1792</fpage>&#x2013;<lpage>1797</lpage>.</mixed-citation></ref>
<ref id="R000011"><mixed-citation publication-type="book"><person-group person-group-type="author"><string-name><surname>Funk</surname>, <given-names>V.A.</given-names></string-name>, <string-name><surname>Anderberg</surname>, <given-names>A.A.</given-names></string-name>,<string-name><surname>Baldwin</surname>, <given-names>B.G.</given-names></string-name>, <string-name><surname>Bayer</surname>, <given-names>R.J.</given-names></string-name>, <string-name><surname>Bonifacino</surname>, <given-names>J.M.</given-names></string-name>, <string-name><surname>Breitwieser</surname>, <given-names>I.</given-names></string-name>, <string-name><surname>Brouillet</surname>, <given-names>L.</given-names></string-name>, <string-name><surname>Carbajal</surname>, <given-names>R.</given-names></string-name>, <string-name><surname>Chan</surname>, <given-names>R.</given-names></string-name>, <string-name><surname>Coutinho</surname>, <given-names>A.X.P.</given-names></string-name>, <string-name><surname>Crawford</surname>, <given-names>D.J.</given-names></string-name>, <string-name><surname>Crisci</surname>, <given-names>J.V.</given-names></string-name>, <string-name><surname>Dillon</surname>, <given-names>M.O.</given-names></string-name>, <string-name><surname>Freire</surname>, <given-names>S.E.</given-names></string-name>, <string-name><surname>Galbany-Casals</surname>, <given-names>M.</given-names></string-name>, <string-name><surname>Garcia-Jacas</surname>, <given-names>N.</given-names></string-name>, <string-name><surname>Gemeinholzer</surname>, <given-names>B.</given-names></string-name>, <string-name><surname>Gruenstaeudl</surname>, <given-names>M.</given-names></string-name>, <string-name><surname>Hansen</surname>, <given-names>H.V.</given-names></string-name>, <string-name><surname>Himmelreich</surname>, <given-names>S.</given-names></string-name>, <string-name><surname>Kadereit</surname>, <given-names>J.W.</given-names></string-name>, <string-name><surname>Kallersjo</surname>, <given-names>M.</given-names></string-name>, <string-name><surname>Karaman-Castro</surname>, <given-names>V.</given-names></string-name>, <string-name><surname>Karis</surname>, <given-names>P.O.</given-names></string-name>, <string-name><surname>Katinas</surname>, <given-names>L.</given-names></string-name>, <string-name><surname>Keeley</surname>, <given-names>S.C.</given-names></string-name>, <string-name><surname>Kilian</surname>, <given-names>N.</given-names></string-name>, <string-name><surname>Kimball</surname>, <given-names>R.T.</given-names></string-name>, <string-name><surname>Lowrey</surname>, <given-names>T.K.</given-names></string-name>, <string-name><surname>Lundberg</surname>, <given-names>J.</given-names></string-name>, <string-name><surname>McKenzie</surname>, <given-names>R.J.</given-names></string-name>, <string-name><surname>Tadesse</surname>, <given-names>M.</given-names></string-name>, <string-name><surname>Mort</surname>, <given-names>M.E.</given-names></string-name>, <string-name><surname>Nordenstam</surname>, <given-names>B.</given-names></string-name>, <string-name><surname>Oberprieler</surname>, <given-names>C.</given-names></string-name>, <string-name><surname>Ortiz</surname>, <given-names>S.</given-names></string-name>, <string-name><surname>Pelser</surname>, <given-names>P.B.</given-names></string-name>, <string-name><surname>Randle</surname>, <given-names>C.P.</given-names></string-name>, <string-name><surname>Robinson</surname>, <given-names>H.</given-names></string-name>, <string-name><surname>Roque</surname>, <given-names>N.</given-names></string-name>, <string-name><surname>Sancho</surname>, <given-names>G.</given-names></string-name>, <string-name><surname>Semple</surname>, <given-names>J.C.</given-names></string-name>, <string-name><surname>Serrano</surname>, <given-names>M.</given-names></string-name>, <string-name><surname>Stuessy</surname>, <given-names>T.F.</given-names></string-name>, <string-name><surname>Susanna</surname>, <given-names>A.</given-names></string-name>, <string-name><surname>Unwin</surname>, <given-names>M.</given-names></string-name>, <string-name><surname>Urbatsch</surname>, <given-names>L.</given-names></string-name>, <string-name><surname>Urtubey</surname>, <given-names>E.</given-names></string-name>, <string-name><surname>Vall&#x00E9;s</surname>, <given-names>J.</given-names></string-name>, <string-name><surname>Vogt</surname>, <given-names>R.</given-names></string-name>, <string-name><surname>Wagstaff</surname>, <given-names>S.</given-names></string-name>, <string-name><surname>Ward</surname>, <given-names>J.</given-names></string-name>, &#x0026; <string-name><surname>Watson</surname>, <given-names>L.E.</given-names></string-name></person-group> (<year>2009</year>). <chapter-title>Compositae metatrees: the next generation</chapter-title>. In: <person-group person-group-type="editor"><string-name>, <given-names>V.A.</given-names><surname>Funk</surname></string-name>, <string-name>, <given-names>A.</given-names><surname>Susanna</surname></string-name>, <string-name>, <given-names>T.F.</given-names><surname>Stuessy</surname></string-name> &#x0026; <string-name>, <given-names>R.J.</given-names><surname>Bayer</surname></string-name></person-group> (eds.) <source>Systematics, evolution, and biogeography of Compositae</source>. <publisher-loc>Vienna, Austria</publisher-loc>: <publisher-name>International Association for Plant Taxonomy</publisher-name>: pp. <fpage>689</fpage>&#x2013;<lpage>707</lpage>.</mixed-citation></ref>
<ref id="R000012"><mixed-citation publication-type="journal"><person-group person-group-type="author"><string-name><surname>Hedtke</surname>, <given-names>S.M.</given-names></string-name>, <string-name><surname>Patiny</surname>, <given-names>S.</given-names></string-name> &#x0026; <string-name><surname>Danforth</surname>, <given-names>B.N.</given-names></string-name></person-group> (<year>2013</year>) <article-title>The bee tree of life: a supermatrix approach to apoid phylogeny and biogeography</article-title>. <source>BMC Evolutionary Biology</source> <volume>13</volume>(<issue>1</issue>): <fpage>138</fpage>.</mixed-citation></ref>
<ref id="R000013"><mixed-citation publication-type="journal"><person-group person-group-type="author"><string-name><surname>Jha</surname>, <given-names>S.</given-names></string-name> &#x0026; <string-name><surname>Vandermeer</surname>, <given-names>J.H.</given-names></string-name></person-group> (<year>2010</year>) <article-title>Impacts of coffee agroforestry management on tropical bee communities</article-title>. <source>Biological Conservation</source> <volume>143</volume>(<issue>6</issue>): <fpage>1423</fpage>&#x2013;<lpage>1431</lpage>.</mixed-citation></ref>
<ref id="R000014"><mixed-citation publication-type="journal"><person-group person-group-type="author"><string-name><surname>Kremen</surname>, <given-names>C.</given-names></string-name>, <string-name><surname>Williams</surname>, <given-names>N.M.</given-names></string-name> &#x0026; <string-name><surname>Thorp</surname>, <given-names>R.W.</given-names></string-name></person-group> (<year>2002</year>) <article-title>Crop pollination from native bees at risk from agricultural intensification</article-title>. <source>Proceedings of the National Academy of Sciences of the United States of America</source> <volume>99</volume>(<issue>26</issue>): <fpage>16812</fpage>&#x2013;<lpage>16816</lpage>.</mixed-citation></ref>
<ref id="R000015"><mixed-citation publication-type="journal"><person-group person-group-type="author"><string-name><surname>LaBerge</surname>, <given-names>W.E.</given-names></string-name></person-group> (<year>1956a</year>) <article-title>A revision of the bees of the genus Melissodes in North and Central America. Part I (Hymenoptera, Apidae)</article-title>. <source>University of Kansas Science Bulletin</source> <volume>37</volume>(<issue>Part I</issue>): <fpage>911</fpage>&#x2013;<lpage>1194</lpage>.</mixed-citation></ref>
<ref id="R000016"><mixed-citation publication-type="journal"><person-group person-group-type="author"><string-name><surname>LaBerge</surname>, <given-names>W.E.</given-names></string-name></person-group> (<year>1956b</year>) <article-title>A revision of the bees of the genus Melissodes in North and Central America. Part II (Hymenoptera, Apidae)</article-title>. <source>The University of Kansas Science Bulletin</source> <volume>38</volume>(<issue>1</issue>): <fpage>533</fpage>&#x2013;<lpage>578</lpage>.</mixed-citation></ref>
<ref id="R000017"><mixed-citation publication-type="journal"><person-group person-group-type="author"><string-name><surname>LaBerge</surname>, <given-names>W.E.</given-names></string-name></person-group> (<year>1957</year>) <article-title>The Genera of bees of the tribe Eucerini in North and Central America (Hymenoptera: Apidae)</article-title>. <source>American Museum Novitates</source> <volume>1837</volume>: <fpage>1</fpage>&#x2013;<lpage>44</lpage>.</mixed-citation></ref>
<ref id="R000018"><mixed-citation publication-type="journal"><person-group person-group-type="author"><string-name><surname>LaBerge</surname>, <given-names>W.E.</given-names></string-name></person-group> (<year>1961</year>) <article-title>A revision of the bees of the genus Melissodes in North and Central America. Part III (Hymenoptera, Apidae)</article-title>. <source>University of Kansas Science Bulletin</source> <volume>42</volume>: <fpage>283</fpage>&#x2013;<lpage>663</lpage>.</mixed-citation></ref>
<ref id="R000019"><mixed-citation publication-type="journal"><person-group person-group-type="author"><string-name><surname>Lanfear</surname>, <given-names>R.</given-names></string-name>, <string-name><surname>Calcott</surname>, <given-names>B.</given-names></string-name>, <string-name><surname>Ho</surname>, <given-names>S.Y.W.</given-names></string-name> &#x0026; <string-name><surname>Guindon</surname>, <given-names>S.</given-names></string-name></person-group> (<year>2012</year>) <article-title>PartitionFinder: Combined selection of partitioning schemes and substitution models for phylogenetic analyses</article-title>. <source>Molecular Biology and Evolution</source> <volume>29</volume>(<issue>6</issue>): <fpage>1695</fpage>&#x2013;<lpage>1701</lpage>.</mixed-citation></ref>
<ref id="R000020"><mixed-citation publication-type="data"><person-group person-group-type="author"><string-name><surname>Maddison</surname>, <given-names>W.P.</given-names></string-name> &#x0026; <string-name><surname>Maddison</surname>, <given-names>D.R.</given-names></string-name></person-group> (<year>2018</year>) <article-title>Mesquite: a modular system for evolutionary analysis</article-title>. Retrieved from <uri xlink:href="http://mesquiteproject.org">http://mesquiteproject.org</uri>.</mixed-citation></ref>
<ref id="R000021"><mixed-citation publication-type="book"><person-group person-group-type="author"><string-name><surname>Michener</surname>, <given-names>C.D.</given-names></string-name></person-group> (<year>2007</year>) <source>The bees of the world</source> (2nd ed.). <publisher-loc>Baltimore, MD</publisher-loc>: <publisher-name>Johns Hopkins University Press</publisher-name>.</mixed-citation></ref>
<ref id="R000022"><mixed-citation publication-type="journal"><person-group person-group-type="author"><string-name><surname>Michener</surname>, <given-names>C.D.</given-names></string-name>, <string-name><surname>LaBerge</surname>, <given-names>W.E.</given-names></string-name> &#x0026; <string-name><surname>Moure</surname>, <given-names>J.S.</given-names></string-name></person-group> (<year>1955</year>) <article-title>Some American Eucerini bees</article-title>. <source>Dusenia</source> <volume>6</volume>(<issue>6</issue>): <fpage>213</fpage>&#x2013;<lpage>230</lpage>.</mixed-citation></ref>
<ref id="R000023"><mixed-citation publication-type="book"><person-group person-group-type="author"><string-name><surname>Miller</surname>, <given-names>M.A.</given-names></string-name>, <string-name><surname>Pfeiffer</surname>, <given-names>W.</given-names></string-name> &#x0026; <string-name><surname>Schwartz</surname>, <given-names>T.</given-names></string-name></person-group> (<year>2011</year>) <chapter-title>The CIPRES science gateway. In: Proceedings of the 2011 TeraGrid Conference on Extreme Digital Discovery - TG &#x2019;11 (p. 1)</chapter-title>. <publisher-loc>New York, New York, USA</publisher-loc>: <publisher-name>ACM Press</publisher-name>. <ext-link ext-link-type="doi" xlink:href="https://doi.org/10.1145/2016741.2016785">https://doi.org/10.1145/2016741.2016785</ext-link>.</mixed-citation></ref>
<ref id="R000024"><mixed-citation publication-type="journal"><person-group person-group-type="author"><string-name><surname>Morandin</surname>, <given-names>L.A.</given-names></string-name> &#x0026; <string-name><surname>Winston</surname>, <given-names>M.L.</given-names></string-name></person-group> (<year>2005</year>) <article-title>Wild bee abundance and seed production in conventional, organic, and genetically modified canola</article-title>. <source>Ecological Applications</source> <volume>15</volume>(<issue>3</issue>): <fpage>871</fpage>&#x2013;<lpage>881</lpage>.</mixed-citation></ref>
<ref id="R000025"><mixed-citation publication-type="journal"><person-group person-group-type="author"><string-name><surname>Moure</surname>, <given-names>J.S.</given-names></string-name> &#x0026; <string-name><surname>Michener</surname>, <given-names>C.D.</given-names></string-name></person-group> (<year>1955</year>) <article-title>A contribution toward the classification of Neotropical Eucerini (Hymenoptera, Apoidea)</article-title>. <source>Dusenia</source> <volume>6</volume>: <fpage>239</fpage>&#x2013;<lpage>331</lpage>.</mixed-citation></ref>
<ref id="R000026"><mixed-citation publication-type="journal"><person-group person-group-type="author"><string-name><surname>M&#x00FC;ller</surname>, <given-names>A.</given-names></string-name> &#x0026; <string-name><surname>Kuhlmann</surname>, <given-names>M.</given-names></string-name></person-group> (<year>2008</year>) <article-title>Pollen hosts of western palaearctic bees of the genus <italic>Colletes</italic> (Hymenoptera: Colletidae): the Asteraceae paradox</article-title>. <source>Biological Journal of the Linnean Society</source> <volume>95</volume>: <fpage>719</fpage>&#x2013;<lpage>733</lpage>.</mixed-citation></ref>
<ref id="R000027"><mixed-citation publication-type="journal"><person-group person-group-type="author"><string-name><surname>Noyes</surname>, <given-names>R.D.</given-names></string-name> &#x0026; <string-name><surname>Rieseberg</surname>, <given-names>L.H.</given-names></string-name></person-group> (<year>1999</year>) <article-title>ITS sequence data support a single origin for North American Astereae (Asteraceae) and reflect deep geographic divisions in Aster s.l</article-title>. <source>American Journal of Botany</source> <volume>86</volume>(<issue>3</issue>): <fpage>398</fpage>.</mixed-citation></ref>
<ref id="R000028"><mixed-citation publication-type="journal"><person-group person-group-type="author"><string-name><surname>Parker</surname>, <given-names>F.D.</given-names></string-name>, <string-name><surname>Tepedino</surname>, <given-names>V.J.</given-names></string-name> &#x0026; <string-name><surname>Bohart</surname>, <given-names>G.E.</given-names></string-name></person-group> (<year>1981</year>) <article-title>Notes on the Biology of a Common Sunflower Bee, <italic>Melissodes (Eumelissodes) agilis</italic> Cresson</article-title>. <source>Journal of the New York Entomological Society</source> <volume>89</volume>(<issue>1</issue>): <fpage>43</fpage>&#x2013;<lpage>52</lpage>.</mixed-citation></ref>
<ref id="R000029"><mixed-citation publication-type="journal"><person-group person-group-type="author"><string-name><surname>Praz</surname>, <given-names>C.J.</given-names></string-name> &#x0026; <string-name><surname>Packer</surname>, <given-names>L.</given-names></string-name></person-group> (<year>2014</year>) <article-title>Phylogenetic position of the bee genera Ancyla and Tarsalia (Hymenoptera: Apidae): A remarkable base compositional bias and an early Paleogene geodispersal from North America to the Old World</article-title>. <source>Molecular Phylogenetics and Evolution</source> <volume>81</volume>: <fpage>258</fpage>&#x2013;<lpage>270</lpage>.</mixed-citation></ref>
<ref id="R000030"><mixed-citation publication-type="data"><person-group person-group-type="author"><string-name><surname>Rambaut</surname>, <given-names>A.</given-names></string-name>, <string-name><surname>Suchard</surname>, <given-names>M.A.</given-names></string-name>, <string-name><surname>Xie</surname>, <given-names>D.</given-names></string-name> &#x0026; <string-name><surname>Drummond</surname>, <given-names>A.J.</given-names></string-name></person-group> (<year>2014</year>) <article-title>Tracer</article-title>. Retrieved from <uri xlink:href="http://tree.bio.ed.ac.uk/software/tracer">http://tree.bio.ed.ac.uk/software/tracer</uri>.</mixed-citation></ref>
<ref id="R000031"><mixed-citation publication-type="journal"><person-group person-group-type="author"><string-name><surname>Ronquist</surname>, <given-names>F.</given-names></string-name>, <string-name><surname>Teslenko</surname>, <given-names>M.</given-names></string-name>, <string-name><surname>van der Mark</surname>, <given-names>P.</given-names></string-name>, <string-name><surname>Ayres</surname>, <given-names>D.L.</given-names></string-name>, <string-name><surname>Darling</surname>, <given-names>A.</given-names></string-name>, <string-name><surname>H&#x00F6;hna</surname>, <given-names>S.</given-names></string-name>, <string-name><surname>Huelsenbeck</surname>, <given-names>J.P.</given-names></string-name></person-group> (<year>2012</year>) <article-title>MrBayes 3.2: Efficient Bayesian phylogenetic inference and model choice across a large model space</article-title>. <source>Systematic Biology</source> <volume>61</volume>(<issue>3</issue>): <fpage>539</fpage>&#x2013;<lpage>542</lpage>.</mixed-citation></ref>
<ref id="R000032"><mixed-citation publication-type="journal"><person-group person-group-type="author"><string-name><surname>Sedivy</surname>, <given-names>C.</given-names></string-name>, <string-name><surname>M&#x00FC;ller</surname>, <given-names>A.</given-names></string-name> &#x0026; <string-name><surname>Dorn</surname>, <given-names>S.</given-names></string-name></person-group> (<year>2011</year>) <article-title>Closely related pollen generalist bees differ in their ability to develop on the same pollen diet: evidence for physiological adaptations to digest pollen</article-title>. <source>Functional Ecology</source> <volume>25</volume>(<issue>3</issue>): <fpage>718</fpage>&#x2013;<lpage>725</lpage>.</mixed-citation></ref>
<ref id="R000033"><mixed-citation publication-type="journal"><person-group person-group-type="author"><string-name><surname>Sedivy</surname>, <given-names>C.</given-names></string-name>, <string-name><surname>Praz</surname>, <given-names>C.J.</given-names></string-name>, <string-name><surname>M&#x00FC;ller</surname>, <given-names>A.</given-names></string-name>, <string-name><surname>Widmer</surname>, <given-names>A.</given-names></string-name> &#x0026; <string-name><surname>Dorn</surname>, <given-names>S.</given-names></string-name></person-group> (<year>2008</year>) <article-title>Patterns of host-plant choice in bees of the genus <italic>Chelostoma</italic>: the constraint hypothesis of host-range evolution in bees</article-title>. <source>Evolution</source> <volume>62</volume>: <fpage>2487</fpage>&#x2013;<lpage>2507</lpage>.</mixed-citation></ref>
<ref id="R000034"><mixed-citation publication-type="journal"><person-group person-group-type="author"><string-name><surname>Stamatakis</surname>, <given-names>A.</given-names></string-name>, <string-name><surname>Hoover</surname>, <given-names>P.</given-names></string-name>, <string-name><surname>Rougemont</surname>, <given-names>J.</given-names></string-name></person-group>, <year>2008</year>. <article-title>A Rapid Bootstrap Algorithm for the RAxML Web-Servers</article-title>. <source>Systematic Biology</source> <volume>75</volume>, <fpage>758</fpage>&#x2013;<lpage>771</lpage>.</mixed-citation></ref>
<ref id="R000035"><mixed-citation publication-type="journal"><person-group person-group-type="author"><string-name><surname>Str&#x00F6;mberg</surname>, <given-names>C.A.E.</given-names></string-name></person-group> (<year>2011</year>) <article-title>Evolution of grasses and grassland ecosystems</article-title>. <source>Annual Review of Earth and Planetary Sciences</source> <volume>39</volume>: <fpage>517</fpage>&#x2013;<lpage>544</lpage>.</mixed-citation></ref>
<ref id="R000036"><mixed-citation publication-type="journal"><person-group person-group-type="author"><string-name><surname>Tamura</surname>, <given-names>K.</given-names></string-name>, <string-name><surname>Peterson</surname>, <given-names>D.</given-names></string-name>, <string-name><surname>Peterson</surname>, <given-names>N.</given-names></string-name>, <string-name><surname>Stecher</surname>, <given-names>G.</given-names></string-name>, <string-name><surname>Nei</surname>, <given-names>M.</given-names></string-name>, &#x0026; <string-name><surname>Kumar</surname>, <given-names>S.</given-names></string-name></person-group> (<year>2011</year>) <article-title>MEGA5: Molecular evolutionary genetics analysis using maximum likelihood, evolutionary distance, and maximum parsimony methods</article-title>. <source>Molecular Biology and Evolution</source> <volume>28</volume>(<issue>10</issue>): <fpage>2731</fpage>&#x2013;<lpage>2739</lpage>.</mixed-citation></ref>
<ref id="R000037"><mixed-citation publication-type="journal"><person-group person-group-type="author"><string-name><surname>Williams</surname>, <given-names>N.M.</given-names></string-name></person-group> (<year>2003</year>) <article-title>Use of novel pollen species by specialist and generalist solitary bees (Hymenoptera: Megachilidae)</article-title>. <source>Oecologia</source> <volume>134</volume>: <fpage>228</fpage>&#x2013;<lpage>237</lpage>.</mixed-citation></ref>
<ref id="R000038"><mixed-citation publication-type="journal"><person-group person-group-type="author"><string-name><surname>Wilson</surname>, <given-names>J.S.</given-names></string-name> &#x0026; <string-name><surname>Pitts</surname>, <given-names>J.P.</given-names></string-name></person-group> (<year>2010</year>) <article-title>Illuminating the lack of consensus among descriptions of earth history data in the North American deserts: A resource for biologists</article-title>. <source>Progress in Physical Geography</source> <volume>34</volume>(<issue>4</issue>): <fpage>419</fpage>&#x2013;<lpage>441</lpage>.</mixed-citation></ref>
<ref id="R000039"><mixed-citation publication-type="journal"><person-group person-group-type="author"><string-name><surname>Winfree</surname>, <given-names>R.</given-names></string-name>, <string-name><surname>Williams</surname>, <given-names>N.M.</given-names></string-name>, <string-name><surname>Gaines</surname>, <given-names>H.</given-names></string-name>, <string-name><surname>Ascher</surname>, <given-names>J.S.</given-names></string-name> &#x0026; <string-name><surname>Kremen</surname>, <given-names>C.</given-names></string-name></person-group> (<year>2007</year>) <article-title>Wild bee pollinators provide the majority of crop visitation across land-use gradients in New Jersey and Pennsylvania, USA</article-title>. <source>Journal of Applied Ecology</source> <volume>45</volume>(<issue>3</issue>): <fpage>793</fpage>&#x2013;<lpage>802</lpage>.</mixed-citation></ref>
<ref id="R000040"><mixed-citation publication-type="book"><person-group person-group-type="author"><string-name><surname>Wright</surname>, <given-names>K. W.</given-names></string-name></person-group> (<year>2018</year>) <source>The evolution of diet breadth in <italic>Melissodes</italic> bees</source> (<publisher-loc>Apidae</publisher-loc>: <publisher-name>Eucerini</publisher-name>). <uri xlink:href="https://digitalrepository.unm.edu/biol_etds/301">https://digitalrepository.unm.edu/biol_etds/301</uri>.</mixed-citation></ref>
<ref id="R000041"><mixed-citation publication-type="journal"><person-group person-group-type="author"><string-name><surname>Wright</surname>, <given-names>K.W.</given-names></string-name></person-group> (<year>2019</year>) <article-title>Alignment and newick trees of the phylogeny of <italic>Melissodes</italic> (Hymenoptera: Apidae). Mendeley Data</article-title>, <volume>v1</volume>, doi: <ext-link ext-link-type="doi" xlink:href="https://doi.org/10.17632/zjrrwkcbzd.1">10.17632/zjrrwkcbzd.1</ext-link>.</mixed-citation></ref>
</ref-list>
</back>
</article>